2026-02-20 13:37:12,528 [INFO] ======================================================================
2026-02-20 13:37:12,528 [INFO] GuidedBox Grid Search
2026-02-20 13:37:12,528 [INFO] ======================================================================
2026-02-20 13:37:12,528 [INFO] Config: guidedbox_config.yaml
2026-02-20 13:37:12,528 [INFO] Device: cuda
2026-02-20 13:37:12,528 [INFO] Epochs per run: 10
2026-02-20 13:37:12,528 [INFO] Output dir: guided_box_ijmond/grid_search
2026-02-20 13:37:12,528 [INFO] Log file: guided_box_ijmond/grid_search/grid_search_20260220_133712.log
2026-02-20 13:37:12,554 [INFO] Total records in JSON: 1536
2026-02-20 13:37:12,557 [INFO] Total npy images: 610
2026-02-20 13:37:12,558 [INFO] Records with matching npy files: 610
2026-02-20 13:37:12,558 [INFO] Smoke records (with bbox): 177
2026-02-20 13:37:12,558 [INFO] No-smoke records: 433
2026-02-20 13:37:12,558 [INFO] Using 610 records for training
2026-02-20 13:37:12,559 [INFO] Total combinations: 108
2026-02-20 13:37:12,559 [INFO]   [1] {'learning_rate': 0.0001, 'ema_alpha': 0.85, 'img_size': 128, 'positive_weight': 3}
2026-02-20 13:37:12,559 [INFO]   [2] {'learning_rate': 0.0001, 'ema_alpha': 0.85, 'img_size': 128, 'positive_weight': 5}
2026-02-20 13:37:12,559 [INFO]   [3] {'learning_rate': 0.0001, 'ema_alpha': 0.85, 'img_size': 128, 'positive_weight': 7}
2026-02-20 13:37:12,559 [INFO]   [4] {'learning_rate': 0.0001, 'ema_alpha': 0.85, 'img_size': 128, 'positive_weight': 9}
2026-02-20 13:37:12,559 [INFO]   [5] {'learning_rate': 0.0001, 'ema_alpha': 0.85, 'img_size': 256, 'positive_weight': 3}
2026-02-20 13:37:12,559 [INFO]   [6] {'learning_rate': 0.0001, 'ema_alpha': 0.85, 'img_size': 256, 'positive_weight': 5}
2026-02-20 13:37:12,559 [INFO]   [7] {'learning_rate': 0.0001, 'ema_alpha': 0.85, 'img_size': 256, 'positive_weight': 7}
2026-02-20 13:37:12,559 [INFO]   [8] {'learning_rate': 0.0001, 'ema_alpha': 0.85, 'img_size': 256, 'positive_weight': 9}
2026-02-20 13:37:12,559 [INFO]   [9] {'learning_rate': 0.0001, 'ema_alpha': 0.85, 'img_size': 512, 'positive_weight': 3}
2026-02-20 13:37:12,559 [INFO]   [10] {'learning_rate': 0.0001, 'ema_alpha': 0.85, 'img_size': 512, 'positive_weight': 5}
2026-02-20 13:37:12,559 [INFO]   [11] {'learning_rate': 0.0001, 'ema_alpha': 0.85, 'img_size': 512, 'positive_weight': 7}
2026-02-20 13:37:12,559 [INFO]   [12] {'learning_rate': 0.0001, 'ema_alpha': 0.85, 'img_size': 512, 'positive_weight': 9}
2026-02-20 13:37:12,559 [INFO]   [13] {'learning_rate': 0.0001, 'ema_alpha': 0.9, 'img_size': 128, 'positive_weight': 3}
2026-02-20 13:37:12,559 [INFO]   [14] {'learning_rate': 0.0001, 'ema_alpha': 0.9, 'img_size': 128, 'positive_weight': 5}
2026-02-20 13:37:12,559 [INFO]   [15] {'learning_rate': 0.0001, 'ema_alpha': 0.9, 'img_size': 128, 'positive_weight': 7}
2026-02-20 13:37:12,559 [INFO]   [16] {'learning_rate': 0.0001, 'ema_alpha': 0.9, 'img_size': 128, 'positive_weight': 9}
2026-02-20 13:37:12,559 [INFO]   [17] {'learning_rate': 0.0001, 'ema_alpha': 0.9, 'img_size': 256, 'positive_weight': 3}
2026-02-20 13:37:12,559 [INFO]   [18] {'learning_rate': 0.0001, 'ema_alpha': 0.9, 'img_size': 256, 'positive_weight': 5}
2026-02-20 13:37:12,559 [INFO]   [19] {'learning_rate': 0.0001, 'ema_alpha': 0.9, 'img_size': 256, 'positive_weight': 7}
2026-02-20 13:37:12,559 [INFO]   [20] {'learning_rate': 0.0001, 'ema_alpha': 0.9, 'img_size': 256, 'positive_weight': 9}
2026-02-20 13:37:12,559 [INFO]   [21] {'learning_rate': 0.0001, 'ema_alpha': 0.9, 'img_size': 512, 'positive_weight': 3}
2026-02-20 13:37:12,559 [INFO]   [22] {'learning_rate': 0.0001, 'ema_alpha': 0.9, 'img_size': 512, 'positive_weight': 5}
2026-02-20 13:37:12,559 [INFO]   [23] {'learning_rate': 0.0001, 'ema_alpha': 0.9, 'img_size': 512, 'positive_weight': 7}
2026-02-20 13:37:12,560 [INFO]   [24] {'learning_rate': 0.0001, 'ema_alpha': 0.9, 'img_size': 512, 'positive_weight': 9}
2026-02-20 13:37:12,564 [INFO]   [25] {'learning_rate': 0.0001, 'ema_alpha': 0.95, 'img_size': 128, 'positive_weight': 3}
2026-02-20 13:37:12,564 [INFO]   [26] {'learning_rate': 0.0001, 'ema_alpha': 0.95, 'img_size': 128, 'positive_weight': 5}
2026-02-20 13:37:12,564 [INFO]   [27] {'learning_rate': 0.0001, 'ema_alpha': 0.95, 'img_size': 128, 'positive_weight': 7}
2026-02-20 13:37:12,564 [INFO]   [28] {'learning_rate': 0.0001, 'ema_alpha': 0.95, 'img_size': 128, 'positive_weight': 9}
2026-02-20 13:37:12,564 [INFO]   [29] {'learning_rate': 0.0001, 'ema_alpha': 0.95, 'img_size': 256, 'positive_weight': 3}
2026-02-20 13:37:12,564 [INFO]   [30] {'learning_rate': 0.0001, 'ema_alpha': 0.95, 'img_size': 256, 'positive_weight': 5}
2026-02-20 13:37:12,564 [INFO]   [31] {'learning_rate': 0.0001, 'ema_alpha': 0.95, 'img_size': 256, 'positive_weight': 7}
2026-02-20 13:37:12,564 [INFO]   [32] {'learning_rate': 0.0001, 'ema_alpha': 0.95, 'img_size': 256, 'positive_weight': 9}
2026-02-20 13:37:12,564 [INFO]   [33] {'learning_rate': 0.0001, 'ema_alpha': 0.95, 'img_size': 512, 'positive_weight': 3}
2026-02-20 13:37:12,564 [INFO]   [34] {'learning_rate': 0.0001, 'ema_alpha': 0.95, 'img_size': 512, 'positive_weight': 5}
2026-02-20 13:37:12,564 [INFO]   [35] {'learning_rate': 0.0001, 'ema_alpha': 0.95, 'img_size': 512, 'positive_weight': 7}
2026-02-20 13:37:12,564 [INFO]   [36] {'learning_rate': 0.0001, 'ema_alpha': 0.95, 'img_size': 512, 'positive_weight': 9}
2026-02-20 13:37:12,564 [INFO]   [37] {'learning_rate': 0.0002, 'ema_alpha': 0.85, 'img_size': 128, 'positive_weight': 3}
2026-02-20 13:37:12,564 [INFO]   [38] {'learning_rate': 0.0002, 'ema_alpha': 0.85, 'img_size': 128, 'positive_weight': 5}
2026-02-20 13:37:12,564 [INFO]   [39] {'learning_rate': 0.0002, 'ema_alpha': 0.85, 'img_size': 128, 'positive_weight': 7}
2026-02-20 13:37:12,564 [INFO]   [40] {'learning_rate': 0.0002, 'ema_alpha': 0.85, 'img_size': 128, 'positive_weight': 9}
2026-02-20 13:37:12,564 [INFO]   [41] {'learning_rate': 0.0002, 'ema_alpha': 0.85, 'img_size': 256, 'positive_weight': 3}
2026-02-20 13:37:12,564 [INFO]   [42] {'learning_rate': 0.0002, 'ema_alpha': 0.85, 'img_size': 256, 'positive_weight': 5}
2026-02-20 13:37:12,564 [INFO]   [43] {'learning_rate': 0.0002, 'ema_alpha': 0.85, 'img_size': 256, 'positive_weight': 7}
2026-02-20 13:37:12,564 [INFO]   [44] {'learning_rate': 0.0002, 'ema_alpha': 0.85, 'img_size': 256, 'positive_weight': 9}
2026-02-20 13:37:12,565 [INFO]   [45] {'learning_rate': 0.0002, 'ema_alpha': 0.85, 'img_size': 512, 'positive_weight': 3}
2026-02-20 13:37:12,565 [INFO]   [46] {'learning_rate': 0.0002, 'ema_alpha': 0.85, 'img_size': 512, 'positive_weight': 5}
2026-02-20 13:37:12,565 [INFO]   [47] {'learning_rate': 0.0002, 'ema_alpha': 0.85, 'img_size': 512, 'positive_weight': 7}
2026-02-20 13:37:12,565 [INFO]   [48] {'learning_rate': 0.0002, 'ema_alpha': 0.85, 'img_size': 512, 'positive_weight': 9}
2026-02-20 13:37:12,565 [INFO]   [49] {'learning_rate': 0.0002, 'ema_alpha': 0.9, 'img_size': 128, 'positive_weight': 3}
2026-02-20 13:37:12,565 [INFO]   [50] {'learning_rate': 0.0002, 'ema_alpha': 0.9, 'img_size': 128, 'positive_weight': 5}
2026-02-20 13:37:12,565 [INFO]   [51] {'learning_rate': 0.0002, 'ema_alpha': 0.9, 'img_size': 128, 'positive_weight': 7}
2026-02-20 13:37:12,565 [INFO]   [52] {'learning_rate': 0.0002, 'ema_alpha': 0.9, 'img_size': 128, 'positive_weight': 9}
2026-02-20 13:37:12,565 [INFO]   [53] {'learning_rate': 0.0002, 'ema_alpha': 0.9, 'img_size': 256, 'positive_weight': 3}
2026-02-20 13:37:12,565 [INFO]   [54] {'learning_rate': 0.0002, 'ema_alpha': 0.9, 'img_size': 256, 'positive_weight': 5}
2026-02-20 13:37:12,565 [INFO]   [55] {'learning_rate': 0.0002, 'ema_alpha': 0.9, 'img_size': 256, 'positive_weight': 7}
2026-02-20 13:37:12,565 [INFO]   [56] {'learning_rate': 0.0002, 'ema_alpha': 0.9, 'img_size': 256, 'positive_weight': 9}
2026-02-20 13:37:12,565 [INFO]   [57] {'learning_rate': 0.0002, 'ema_alpha': 0.9, 'img_size': 512, 'positive_weight': 3}
2026-02-20 13:37:12,565 [INFO]   [58] {'learning_rate': 0.0002, 'ema_alpha': 0.9, 'img_size': 512, 'positive_weight': 5}
2026-02-20 13:37:12,565 [INFO]   [59] {'learning_rate': 0.0002, 'ema_alpha': 0.9, 'img_size': 512, 'positive_weight': 7}
2026-02-20 13:37:12,565 [INFO]   [60] {'learning_rate': 0.0002, 'ema_alpha': 0.9, 'img_size': 512, 'positive_weight': 9}
2026-02-20 13:37:12,565 [INFO]   [61] {'learning_rate': 0.0002, 'ema_alpha': 0.95, 'img_size': 128, 'positive_weight': 3}
2026-02-20 13:37:12,565 [INFO]   [62] {'learning_rate': 0.0002, 'ema_alpha': 0.95, 'img_size': 128, 'positive_weight': 5}
2026-02-20 13:37:12,565 [INFO]   [63] {'learning_rate': 0.0002, 'ema_alpha': 0.95, 'img_size': 128, 'positive_weight': 7}
2026-02-20 13:37:12,565 [INFO]   [64] {'learning_rate': 0.0002, 'ema_alpha': 0.95, 'img_size': 128, 'positive_weight': 9}
2026-02-20 13:37:12,565 [INFO]   [65] {'learning_rate': 0.0002, 'ema_alpha': 0.95, 'img_size': 256, 'positive_weight': 3}
2026-02-20 13:37:12,565 [INFO]   [66] {'learning_rate': 0.0002, 'ema_alpha': 0.95, 'img_size': 256, 'positive_weight': 5}
2026-02-20 13:37:12,565 [INFO]   [67] {'learning_rate': 0.0002, 'ema_alpha': 0.95, 'img_size': 256, 'positive_weight': 7}
2026-02-20 13:37:12,565 [INFO]   [68] {'learning_rate': 0.0002, 'ema_alpha': 0.95, 'img_size': 256, 'positive_weight': 9}
2026-02-20 13:37:12,565 [INFO]   [69] {'learning_rate': 0.0002, 'ema_alpha': 0.95, 'img_size': 512, 'positive_weight': 3}
2026-02-20 13:37:12,565 [INFO]   [70] {'learning_rate': 0.0002, 'ema_alpha': 0.95, 'img_size': 512, 'positive_weight': 5}
2026-02-20 13:37:12,566 [INFO]   [71] {'learning_rate': 0.0002, 'ema_alpha': 0.95, 'img_size': 512, 'positive_weight': 7}
2026-02-20 13:37:12,566 [INFO]   [72] {'learning_rate': 0.0002, 'ema_alpha': 0.95, 'img_size': 512, 'positive_weight': 9}
2026-02-20 13:37:12,566 [INFO]   [73] {'learning_rate': 0.0005, 'ema_alpha': 0.85, 'img_size': 128, 'positive_weight': 3}
2026-02-20 13:37:12,566 [INFO]   [74] {'learning_rate': 0.0005, 'ema_alpha': 0.85, 'img_size': 128, 'positive_weight': 5}
2026-02-20 13:37:12,566 [INFO]   [75] {'learning_rate': 0.0005, 'ema_alpha': 0.85, 'img_size': 128, 'positive_weight': 7}
2026-02-20 13:37:12,566 [INFO]   [76] {'learning_rate': 0.0005, 'ema_alpha': 0.85, 'img_size': 128, 'positive_weight': 9}
2026-02-20 13:37:12,566 [INFO]   [77] {'learning_rate': 0.0005, 'ema_alpha': 0.85, 'img_size': 256, 'positive_weight': 3}
2026-02-20 13:37:12,566 [INFO]   [78] {'learning_rate': 0.0005, 'ema_alpha': 0.85, 'img_size': 256, 'positive_weight': 5}
2026-02-20 13:37:12,566 [INFO]   [79] {'learning_rate': 0.0005, 'ema_alpha': 0.85, 'img_size': 256, 'positive_weight': 7}
2026-02-20 13:37:12,566 [INFO]   [80] {'learning_rate': 0.0005, 'ema_alpha': 0.85, 'img_size': 256, 'positive_weight': 9}
2026-02-20 13:37:12,566 [INFO]   [81] {'learning_rate': 0.0005, 'ema_alpha': 0.85, 'img_size': 512, 'positive_weight': 3}
2026-02-20 13:37:12,566 [INFO]   [82] {'learning_rate': 0.0005, 'ema_alpha': 0.85, 'img_size': 512, 'positive_weight': 5}
2026-02-20 13:37:12,566 [INFO]   [83] {'learning_rate': 0.0005, 'ema_alpha': 0.85, 'img_size': 512, 'positive_weight': 7}
2026-02-20 13:37:12,566 [INFO]   [84] {'learning_rate': 0.0005, 'ema_alpha': 0.85, 'img_size': 512, 'positive_weight': 9}
2026-02-20 13:37:12,566 [INFO]   [85] {'learning_rate': 0.0005, 'ema_alpha': 0.9, 'img_size': 128, 'positive_weight': 3}
2026-02-20 13:37:12,566 [INFO]   [86] {'learning_rate': 0.0005, 'ema_alpha': 0.9, 'img_size': 128, 'positive_weight': 5}
2026-02-20 13:37:12,566 [INFO]   [87] {'learning_rate': 0.0005, 'ema_alpha': 0.9, 'img_size': 128, 'positive_weight': 7}
2026-02-20 13:37:12,566 [INFO]   [88] {'learning_rate': 0.0005, 'ema_alpha': 0.9, 'img_size': 128, 'positive_weight': 9}
2026-02-20 13:37:12,566 [INFO]   [89] {'learning_rate': 0.0005, 'ema_alpha': 0.9, 'img_size': 256, 'positive_weight': 3}
2026-02-20 13:37:12,566 [INFO]   [90] {'learning_rate': 0.0005, 'ema_alpha': 0.9, 'img_size': 256, 'positive_weight': 5}
2026-02-20 13:37:12,566 [INFO]   [91] {'learning_rate': 0.0005, 'ema_alpha': 0.9, 'img_size': 256, 'positive_weight': 7}
2026-02-20 13:37:12,566 [INFO]   [92] {'learning_rate': 0.0005, 'ema_alpha': 0.9, 'img_size': 256, 'positive_weight': 9}
2026-02-20 13:37:12,566 [INFO]   [93] {'learning_rate': 0.0005, 'ema_alpha': 0.9, 'img_size': 512, 'positive_weight': 3}
2026-02-20 13:37:12,566 [INFO]   [94] {'learning_rate': 0.0005, 'ema_alpha': 0.9, 'img_size': 512, 'positive_weight': 5}
2026-02-20 13:37:12,566 [INFO]   [95] {'learning_rate': 0.0005, 'ema_alpha': 0.9, 'img_size': 512, 'positive_weight': 7}
2026-02-20 13:37:12,567 [INFO]   [96] {'learning_rate': 0.0005, 'ema_alpha': 0.9, 'img_size': 512, 'positive_weight': 9}
2026-02-20 13:37:12,567 [INFO]   [97] {'learning_rate': 0.0005, 'ema_alpha': 0.95, 'img_size': 128, 'positive_weight': 3}
2026-02-20 13:37:12,567 [INFO]   [98] {'learning_rate': 0.0005, 'ema_alpha': 0.95, 'img_size': 128, 'positive_weight': 5}
2026-02-20 13:37:12,567 [INFO]   [99] {'learning_rate': 0.0005, 'ema_alpha': 0.95, 'img_size': 128, 'positive_weight': 7}
2026-02-20 13:37:12,567 [INFO]   [100] {'learning_rate': 0.0005, 'ema_alpha': 0.95, 'img_size': 128, 'positive_weight': 9}
2026-02-20 13:37:12,567 [INFO]   [101] {'learning_rate': 0.0005, 'ema_alpha': 0.95, 'img_size': 256, 'positive_weight': 3}
2026-02-20 13:37:12,567 [INFO]   [102] {'learning_rate': 0.0005, 'ema_alpha': 0.95, 'img_size': 256, 'positive_weight': 5}
2026-02-20 13:37:12,567 [INFO]   [103] {'learning_rate': 0.0005, 'ema_alpha': 0.95, 'img_size': 256, 'positive_weight': 7}
2026-02-20 13:37:12,567 [INFO]   [104] {'learning_rate': 0.0005, 'ema_alpha': 0.95, 'img_size': 256, 'positive_weight': 9}
2026-02-20 13:37:12,567 [INFO]   [105] {'learning_rate': 0.0005, 'ema_alpha': 0.95, 'img_size': 512, 'positive_weight': 3}
2026-02-20 13:37:12,567 [INFO]   [106] {'learning_rate': 0.0005, 'ema_alpha': 0.95, 'img_size': 512, 'positive_weight': 5}
2026-02-20 13:37:12,567 [INFO]   [107] {'learning_rate': 0.0005, 'ema_alpha': 0.95, 'img_size': 512, 'positive_weight': 7}
2026-02-20 13:37:12,567 [INFO]   [108] {'learning_rate': 0.0005, 'ema_alpha': 0.95, 'img_size': 512, 'positive_weight': 9}
2026-02-20 13:37:12,567 [INFO] 
======================================================================
2026-02-20 13:37:12,567 [INFO] [1/108]
2026-02-20 13:37:12,567 [INFO] ======================================================================
2026-02-20 13:37:12,567 [INFO] Starting run: lr0.0001_ema0.85_img128_pw3
2026-02-20 13:37:18,654 [INFO]   [lr0.0001_ema0.85_img128_pw3] Epoch 1/10: Train=0.1945, Val=0.2471, IoU=0.0000
2026-02-20 13:37:21,270 [INFO]   [lr0.0001_ema0.85_img128_pw3] Epoch 2/10: Train=0.0829, Val=0.2340, IoU=0.0000
2026-02-20 13:37:23,869 [INFO]   [lr0.0001_ema0.85_img128_pw3] Epoch 3/10: Train=0.0671, Val=0.2311, IoU=0.0000
2026-02-20 13:37:26,397 [INFO]   [lr0.0001_ema0.85_img128_pw3] Epoch 4/10: Train=0.0611, Val=0.1997, IoU=0.0000
2026-02-20 13:37:28,922 [INFO]   [lr0.0001_ema0.85_img128_pw3] Epoch 5/10: Train=0.0600, Val=0.2185, IoU=0.0872
2026-02-20 13:37:31,511 [INFO]   [lr0.0001_ema0.85_img128_pw3] Epoch 6/10: Train=0.0752, Val=0.2551, IoU=0.0674
2026-02-20 13:37:34,193 [INFO]   [lr0.0001_ema0.85_img128_pw3] Epoch 7/10: Train=0.1084, Val=0.2948, IoU=0.0599
2026-02-20 13:37:36,879 [INFO]   [lr0.0001_ema0.85_img128_pw3] Epoch 8/10: Train=0.1154, Val=0.2717, IoU=0.0650
2026-02-20 13:37:39,553 [INFO]   [lr0.0001_ema0.85_img128_pw3] Epoch 9/10: Train=0.0957, Val=0.2713, IoU=0.0712
2026-02-20 13:37:42,232 [INFO]   [lr0.0001_ema0.85_img128_pw3] Epoch 10/10: Train=0.0901, Val=0.2736, IoU=0.0753
2026-02-20 13:37:42,525 [INFO]   [lr0.0001_ema0.85_img128_pw3] Best IoU: 0.0872 | Time: 29.7s | Saved: guided_box_ijmond/grid_search/lr0.0001_ema0.85_img128_pw3.pth
2026-02-20 13:37:42,529 [INFO] 
======================================================================
2026-02-20 13:37:42,529 [INFO] [2/108]
2026-02-20 13:37:42,529 [INFO] ======================================================================
2026-02-20 13:37:42,529 [INFO] Starting run: lr0.0001_ema0.85_img128_pw5
2026-02-20 13:37:45,974 [INFO]   [lr0.0001_ema0.85_img128_pw5] Epoch 1/10: Train=0.2707, Val=0.3584, IoU=0.0000
2026-02-20 13:37:48,488 [INFO]   [lr0.0001_ema0.85_img128_pw5] Epoch 2/10: Train=0.1103, Val=0.3296, IoU=0.0000
2026-02-20 13:37:51,003 [INFO]   [lr0.0001_ema0.85_img128_pw5] Epoch 3/10: Train=0.0950, Val=0.3331, IoU=0.0000
2026-02-20 13:37:53,518 [INFO]   [lr0.0001_ema0.85_img128_pw5] Epoch 4/10: Train=0.0844, Val=0.3121, IoU=0.0257
2026-02-20 13:37:56,070 [INFO]   [lr0.0001_ema0.85_img128_pw5] Epoch 5/10: Train=0.0855, Val=0.3210, IoU=0.0392
2026-02-20 13:37:58,684 [INFO]   [lr0.0001_ema0.85_img128_pw5] Epoch 6/10: Train=0.0828, Val=0.3039, IoU=0.0892
2026-02-20 13:38:01,324 [INFO]   [lr0.0001_ema0.85_img128_pw5] Epoch 7/10: Train=0.1120, Val=0.3044, IoU=0.0796
2026-02-20 13:38:04,023 [INFO]   [lr0.0001_ema0.85_img128_pw5] Epoch 8/10: Train=0.1093, Val=0.3329, IoU=0.0730
2026-02-20 13:38:06,714 [INFO]   [lr0.0001_ema0.85_img128_pw5] Epoch 9/10: Train=0.1048, Val=0.3633, IoU=0.0756
2026-02-20 13:38:09,404 [INFO]   [lr0.0001_ema0.85_img128_pw5] Epoch 10/10: Train=0.1001, Val=0.3602, IoU=0.0731
2026-02-20 13:38:09,646 [INFO]   [lr0.0001_ema0.85_img128_pw5] Best IoU: 0.0892 | Time: 26.9s | Saved: guided_box_ijmond/grid_search/lr0.0001_ema0.85_img128_pw5.pth
2026-02-20 13:38:09,649 [INFO] 
======================================================================
2026-02-20 13:38:09,649 [INFO] [3/108]
2026-02-20 13:38:09,649 [INFO] ======================================================================
2026-02-20 13:38:09,649 [INFO] Starting run: lr0.0001_ema0.85_img128_pw7
2026-02-20 13:38:13,004 [INFO]   [lr0.0001_ema0.85_img128_pw7] Epoch 1/10: Train=0.2583, Val=0.4456, IoU=0.0000
2026-02-20 13:38:15,499 [INFO]   [lr0.0001_ema0.85_img128_pw7] Epoch 2/10: Train=0.1351, Val=0.3825, IoU=0.0000
2026-02-20 13:38:18,008 [INFO]   [lr0.0001_ema0.85_img128_pw7] Epoch 3/10: Train=0.1189, Val=0.3944, IoU=0.0000
2026-02-20 13:38:20,529 [INFO]   [lr0.0001_ema0.85_img128_pw7] Epoch 4/10: Train=0.1109, Val=0.3866, IoU=0.0446
2026-02-20 13:38:23,126 [INFO]   [lr0.0001_ema0.85_img128_pw7] Epoch 5/10: Train=0.1111, Val=0.3871, IoU=0.0854
2026-02-20 13:38:25,773 [INFO]   [lr0.0001_ema0.85_img128_pw7] Epoch 6/10: Train=0.1240, Val=0.3772, IoU=0.0814
2026-02-20 13:38:28,453 [INFO]   [lr0.0001_ema0.85_img128_pw7] Epoch 7/10: Train=0.1247, Val=0.4474, IoU=0.0697
2026-02-20 13:38:31,137 [INFO]   [lr0.0001_ema0.85_img128_pw7] Epoch 8/10: Train=0.1227, Val=0.3890, IoU=0.0779
2026-02-20 13:38:33,823 [INFO]   [lr0.0001_ema0.85_img128_pw7] Epoch 9/10: Train=0.1046, Val=0.4534, IoU=0.0779
2026-02-20 13:38:36,492 [INFO]   [lr0.0001_ema0.85_img128_pw7] Epoch 10/10: Train=0.1037, Val=0.4304, IoU=0.0823
2026-02-20 13:38:36,752 [INFO]   [lr0.0001_ema0.85_img128_pw7] Best IoU: 0.0854 | Time: 26.8s | Saved: guided_box_ijmond/grid_search/lr0.0001_ema0.85_img128_pw7.pth
2026-02-20 13:38:36,755 [INFO] 
======================================================================
2026-02-20 13:38:36,756 [INFO] [4/108]
2026-02-20 13:38:36,756 [INFO] ======================================================================
2026-02-20 13:38:36,756 [INFO] Starting run: lr0.0001_ema0.85_img128_pw9
2026-02-20 13:38:40,086 [INFO]   [lr0.0001_ema0.85_img128_pw9] Epoch 1/10: Train=0.2836, Val=0.5025, IoU=0.0000
2026-02-20 13:38:42,599 [INFO]   [lr0.0001_ema0.85_img128_pw9] Epoch 2/10: Train=0.1595, Val=0.4349, IoU=0.0000
2026-02-20 13:38:45,140 [INFO]   [lr0.0001_ema0.85_img128_pw9] Epoch 3/10: Train=0.1343, Val=0.4405, IoU=0.0311
2026-02-20 13:38:47,735 [INFO]   [lr0.0001_ema0.85_img128_pw9] Epoch 4/10: Train=0.1279, Val=0.5140, IoU=0.0810
2026-02-20 13:38:50,404 [INFO]   [lr0.0001_ema0.85_img128_pw9] Epoch 5/10: Train=0.1446, Val=0.4585, IoU=0.0653
2026-02-20 13:38:53,116 [INFO]   [lr0.0001_ema0.85_img128_pw9] Epoch 6/10: Train=0.1364, Val=0.4566, IoU=0.0700
2026-02-20 13:38:55,814 [INFO]   [lr0.0001_ema0.85_img128_pw9] Epoch 7/10: Train=0.1263, Val=0.4925, IoU=0.0756
2026-02-20 13:38:58,526 [INFO]   [lr0.0001_ema0.85_img128_pw9] Epoch 8/10: Train=0.1308, Val=0.4688, IoU=0.0794
2026-02-20 13:39:01,244 [INFO]   [lr0.0001_ema0.85_img128_pw9] Epoch 9/10: Train=0.1080, Val=0.4785, IoU=0.0864
2026-02-20 13:39:03,948 [INFO]   [lr0.0001_ema0.85_img128_pw9] Epoch 10/10: Train=0.1253, Val=0.4494, IoU=0.0770
2026-02-20 13:39:04,213 [INFO]   [lr0.0001_ema0.85_img128_pw9] Best IoU: 0.0864 | Time: 27.2s | Saved: guided_box_ijmond/grid_search/lr0.0001_ema0.85_img128_pw9.pth
2026-02-20 13:39:04,218 [INFO] 
======================================================================
2026-02-20 13:39:04,218 [INFO] [5/108]
2026-02-20 13:39:04,218 [INFO] ======================================================================
2026-02-20 13:39:04,218 [INFO] Starting run: lr0.0001_ema0.85_img256_pw3
2026-02-20 13:39:08,158 [INFO]   [lr0.0001_ema0.85_img256_pw3] Epoch 1/10: Train=0.4707, Val=0.2342, IoU=0.0000
2026-02-20 13:39:11,084 [INFO]   [lr0.0001_ema0.85_img256_pw3] Epoch 2/10: Train=0.0803, Val=0.2075, IoU=0.0000
2026-02-20 13:39:13,972 [INFO]   [lr0.0001_ema0.85_img256_pw3] Epoch 3/10: Train=0.0624, Val=0.1871, IoU=0.0000
2026-02-20 13:39:16,872 [INFO]   [lr0.0001_ema0.85_img256_pw3] Epoch 4/10: Train=0.0546, Val=0.1769, IoU=0.0000
2026-02-20 13:39:19,773 [INFO]   [lr0.0001_ema0.85_img256_pw3] Epoch 5/10: Train=0.0533, Val=0.1789, IoU=0.0127
2026-02-20 13:39:22,748 [INFO]   [lr0.0001_ema0.85_img256_pw3] Epoch 6/10: Train=0.0749, Val=0.1891, IoU=0.1174
2026-02-20 13:39:25,784 [INFO]   [lr0.0001_ema0.85_img256_pw3] Epoch 7/10: Train=0.0776, Val=0.2336, IoU=0.0873
2026-02-20 13:39:28,859 [INFO]   [lr0.0001_ema0.85_img256_pw3] Epoch 8/10: Train=0.0859, Val=0.2595, IoU=0.0823
2026-02-20 13:39:31,938 [INFO]   [lr0.0001_ema0.85_img256_pw3] Epoch 9/10: Train=0.0915, Val=0.2598, IoU=0.0906
2026-02-20 13:39:35,029 [INFO]   [lr0.0001_ema0.85_img256_pw3] Epoch 10/10: Train=0.0815, Val=0.2658, IoU=0.0880
2026-02-20 13:39:35,287 [INFO]   [lr0.0001_ema0.85_img256_pw3] Best IoU: 0.1174 | Time: 30.8s | Saved: guided_box_ijmond/grid_search/lr0.0001_ema0.85_img256_pw3.pth
2026-02-20 13:39:35,291 [INFO] 
======================================================================
2026-02-20 13:39:35,291 [INFO] [6/108]
2026-02-20 13:39:35,291 [INFO] ======================================================================
2026-02-20 13:39:35,291 [INFO] Starting run: lr0.0001_ema0.85_img256_pw5
2026-02-20 13:39:39,003 [INFO]   [lr0.0001_ema0.85_img256_pw5] Epoch 1/10: Train=0.4078, Val=0.3222, IoU=0.0000
2026-02-20 13:39:41,922 [INFO]   [lr0.0001_ema0.85_img256_pw5] Epoch 2/10: Train=0.1047, Val=0.2839, IoU=0.0000
2026-02-20 13:39:44,828 [INFO]   [lr0.0001_ema0.85_img256_pw5] Epoch 3/10: Train=0.0870, Val=0.2575, IoU=0.0000
2026-02-20 13:39:47,758 [INFO]   [lr0.0001_ema0.85_img256_pw5] Epoch 4/10: Train=0.0856, Val=0.2490, IoU=0.0844
2026-02-20 13:39:50,795 [INFO]   [lr0.0001_ema0.85_img256_pw5] Epoch 5/10: Train=0.0920, Val=0.3302, IoU=0.0821
2026-02-20 13:39:53,868 [INFO]   [lr0.0001_ema0.85_img256_pw5] Epoch 6/10: Train=0.1014, Val=0.3437, IoU=0.0842
2026-02-20 13:39:56,959 [INFO]   [lr0.0001_ema0.85_img256_pw5] Epoch 7/10: Train=0.1089, Val=0.3634, IoU=0.0809
2026-02-20 13:39:59,928 [INFO]   [lr0.0001_ema0.85_img256_pw5] Epoch 8/10: Train=0.1362, Val=0.2849, IoU=0.0995
2026-02-20 13:40:02,937 [INFO]   [lr0.0001_ema0.85_img256_pw5] Epoch 9/10: Train=0.0945, Val=0.3063, IoU=0.0929
2026-02-20 13:40:05,992 [INFO]   [lr0.0001_ema0.85_img256_pw5] Epoch 10/10: Train=0.0979, Val=0.3178, IoU=0.0939
2026-02-20 13:40:06,259 [INFO]   [lr0.0001_ema0.85_img256_pw5] Best IoU: 0.0995 | Time: 30.7s | Saved: guided_box_ijmond/grid_search/lr0.0001_ema0.85_img256_pw5.pth
2026-02-20 13:40:06,266 [INFO] 
======================================================================
2026-02-20 13:40:06,266 [INFO] [7/108]
2026-02-20 13:40:06,266 [INFO] ======================================================================
2026-02-20 13:40:06,266 [INFO] Starting run: lr0.0001_ema0.85_img256_pw7
2026-02-20 13:40:10,100 [INFO]   [lr0.0001_ema0.85_img256_pw7] Epoch 1/10: Train=0.5852, Val=0.4701, IoU=0.0041
2026-02-20 13:40:13,197 [INFO]   [lr0.0001_ema0.85_img256_pw7] Epoch 2/10: Train=0.2001, Val=0.4687, IoU=0.0078
2026-02-20 13:40:16,293 [INFO]   [lr0.0001_ema0.85_img256_pw7] Epoch 3/10: Train=0.1715, Val=0.4099, IoU=0.0291
2026-02-20 13:40:19,390 [INFO]   [lr0.0001_ema0.85_img256_pw7] Epoch 4/10: Train=0.1448, Val=0.3951, IoU=0.0567
2026-02-20 13:40:22,476 [INFO]   [lr0.0001_ema0.85_img256_pw7] Epoch 5/10: Train=0.1216, Val=0.4153, IoU=0.0561
2026-02-20 13:40:25,576 [INFO]   [lr0.0001_ema0.85_img256_pw7] Epoch 6/10: Train=0.1087, Val=0.4141, IoU=0.0617
2026-02-20 13:40:28,680 [INFO]   [lr0.0001_ema0.85_img256_pw7] Epoch 7/10: Train=0.1070, Val=0.4135, IoU=0.0665
2026-02-20 13:40:31,773 [INFO]   [lr0.0001_ema0.85_img256_pw7] Epoch 8/10: Train=0.1045, Val=0.4537, IoU=0.0567
2026-02-20 13:40:34,878 [INFO]   [lr0.0001_ema0.85_img256_pw7] Epoch 9/10: Train=0.0927, Val=0.4369, IoU=0.0695
2026-02-20 13:40:37,976 [INFO]   [lr0.0001_ema0.85_img256_pw7] Epoch 10/10: Train=0.0928, Val=0.4536, IoU=0.0607
2026-02-20 13:40:38,238 [INFO]   [lr0.0001_ema0.85_img256_pw7] Best IoU: 0.0695 | Time: 31.7s | Saved: guided_box_ijmond/grid_search/lr0.0001_ema0.85_img256_pw7.pth
2026-02-20 13:40:38,244 [INFO] 
======================================================================
2026-02-20 13:40:38,244 [INFO] [8/108]
2026-02-20 13:40:38,244 [INFO] ======================================================================
2026-02-20 13:40:38,244 [INFO] Starting run: lr0.0001_ema0.85_img256_pw9
2026-02-20 13:40:41,987 [INFO]   [lr0.0001_ema0.85_img256_pw9] Epoch 1/10: Train=0.5015, Val=0.4526, IoU=0.0000
2026-02-20 13:40:44,899 [INFO]   [lr0.0001_ema0.85_img256_pw9] Epoch 2/10: Train=0.1502, Val=0.3924, IoU=0.0000
2026-02-20 13:40:47,854 [INFO]   [lr0.0001_ema0.85_img256_pw9] Epoch 3/10: Train=0.1299, Val=0.3883, IoU=0.1225
2026-02-20 13:40:50,923 [INFO]   [lr0.0001_ema0.85_img256_pw9] Epoch 4/10: Train=0.1243, Val=0.4583, IoU=0.0840
2026-02-20 13:40:54,007 [INFO]   [lr0.0001_ema0.85_img256_pw9] Epoch 5/10: Train=0.1254, Val=0.5109, IoU=0.0852
2026-02-20 13:40:57,130 [INFO]   [lr0.0001_ema0.85_img256_pw9] Epoch 6/10: Train=0.1115, Val=0.5370, IoU=0.0873
2026-02-20 13:41:00,233 [INFO]   [lr0.0001_ema0.85_img256_pw9] Epoch 7/10: Train=0.1050, Val=0.4810, IoU=0.0864
2026-02-20 13:41:03,350 [INFO]   [lr0.0001_ema0.85_img256_pw9] Epoch 8/10: Train=0.0991, Val=0.5134, IoU=0.0887
2026-02-20 13:41:06,457 [INFO]   [lr0.0001_ema0.85_img256_pw9] Epoch 9/10: Train=0.1051, Val=0.4780, IoU=0.0905
2026-02-20 13:41:09,549 [INFO]   [lr0.0001_ema0.85_img256_pw9] Epoch 10/10: Train=0.0857, Val=0.5004, IoU=0.0921
2026-02-20 13:41:09,791 [INFO]   [lr0.0001_ema0.85_img256_pw9] Best IoU: 0.1225 | Time: 31.3s | Saved: guided_box_ijmond/grid_search/lr0.0001_ema0.85_img256_pw9.pth
2026-02-20 13:41:09,799 [INFO] 
======================================================================
2026-02-20 13:41:09,799 [INFO] [9/108]
2026-02-20 13:41:09,799 [INFO] ======================================================================
2026-02-20 13:41:09,799 [INFO] Starting run: lr0.0001_ema0.85_img512_pw3
2026-02-20 13:41:16,624 [INFO]   [lr0.0001_ema0.85_img512_pw3] Epoch 1/10: Train=0.6519, Val=0.5448, IoU=0.0000
2026-02-20 13:41:22,456 [INFO]   [lr0.0001_ema0.85_img512_pw3] Epoch 2/10: Train=0.1039, Val=0.1981, IoU=0.0000
2026-02-20 13:41:28,299 [INFO]   [lr0.0001_ema0.85_img512_pw3] Epoch 3/10: Train=0.0632, Val=0.1723, IoU=0.0000
2026-02-20 13:41:34,135 [INFO]   [lr0.0001_ema0.85_img512_pw3] Epoch 4/10: Train=0.0560, Val=0.1714, IoU=0.0543
2026-02-20 13:41:40,108 [INFO]   [lr0.0001_ema0.85_img512_pw3] Epoch 5/10: Train=0.0774, Val=0.2542, IoU=0.1063
2026-02-20 13:41:46,174 [INFO]   [lr0.0001_ema0.85_img512_pw3] Epoch 6/10: Train=0.0916, Val=0.2318, IoU=0.1070
2026-02-20 13:41:52,222 [INFO]   [lr0.0001_ema0.85_img512_pw3] Epoch 7/10: Train=0.0953, Val=0.3061, IoU=0.0187
2026-02-20 13:41:58,302 [INFO]   [lr0.0001_ema0.85_img512_pw3] Epoch 8/10: Train=0.1068, Val=0.2705, IoU=0.0908
2026-02-20 13:42:04,402 [INFO]   [lr0.0001_ema0.85_img512_pw3] Epoch 9/10: Train=0.0847, Val=0.2516, IoU=0.1058
2026-02-20 13:42:10,461 [INFO]   [lr0.0001_ema0.85_img512_pw3] Epoch 10/10: Train=0.0797, Val=0.2888, IoU=0.0943
2026-02-20 13:42:10,718 [INFO]   [lr0.0001_ema0.85_img512_pw3] Best IoU: 0.1070 | Time: 60.7s | Saved: guided_box_ijmond/grid_search/lr0.0001_ema0.85_img512_pw3.pth
2026-02-20 13:42:10,726 [INFO] 
======================================================================
2026-02-20 13:42:10,726 [INFO] [10/108]
2026-02-20 13:42:10,726 [INFO] ======================================================================
2026-02-20 13:42:10,726 [INFO] Starting run: lr0.0001_ema0.85_img512_pw5
2026-02-20 13:42:17,412 [INFO]   [lr0.0001_ema0.85_img512_pw5] Epoch 1/10: Train=0.5138, Val=0.2951, IoU=0.0000
2026-02-20 13:42:23,272 [INFO]   [lr0.0001_ema0.85_img512_pw5] Epoch 2/10: Train=0.0962, Val=0.2477, IoU=0.0000
2026-02-20 13:42:29,169 [INFO]   [lr0.0001_ema0.85_img512_pw5] Epoch 3/10: Train=0.0835, Val=0.2291, IoU=0.1080
2026-02-20 13:42:35,214 [INFO]   [lr0.0001_ema0.85_img512_pw5] Epoch 4/10: Train=0.1064, Val=0.3301, IoU=0.1063
2026-02-20 13:42:41,258 [INFO]   [lr0.0001_ema0.85_img512_pw5] Epoch 5/10: Train=0.0971, Val=0.3374, IoU=0.0933
2026-02-20 13:42:47,335 [INFO]   [lr0.0001_ema0.85_img512_pw5] Epoch 6/10: Train=0.0865, Val=0.3480, IoU=0.0952
2026-02-20 13:42:53,394 [INFO]   [lr0.0001_ema0.85_img512_pw5] Epoch 7/10: Train=0.0857, Val=0.3174, IoU=0.0966
2026-02-20 13:42:59,462 [INFO]   [lr0.0001_ema0.85_img512_pw5] Epoch 8/10: Train=0.0781, Val=0.3399, IoU=0.0978
2026-02-20 13:43:05,530 [INFO]   [lr0.0001_ema0.85_img512_pw5] Epoch 9/10: Train=0.0846, Val=0.3474, IoU=0.0962
2026-02-20 13:43:11,601 [INFO]   [lr0.0001_ema0.85_img512_pw5] Epoch 10/10: Train=0.1141, Val=0.3939, IoU=0.0606
2026-02-20 13:43:11,888 [INFO]   [lr0.0001_ema0.85_img512_pw5] Best IoU: 0.1080 | Time: 60.9s | Saved: guided_box_ijmond/grid_search/lr0.0001_ema0.85_img512_pw5.pth
2026-02-20 13:43:11,896 [INFO] 
======================================================================
2026-02-20 13:43:11,896 [INFO] [11/108]
2026-02-20 13:43:11,896 [INFO] ======================================================================
2026-02-20 13:43:11,896 [INFO] Starting run: lr0.0001_ema0.85_img512_pw7
2026-02-20 13:43:18,636 [INFO]   [lr0.0001_ema0.85_img512_pw7] Epoch 1/10: Train=0.6616, Val=0.4057, IoU=0.0000
2026-02-20 13:43:24,499 [INFO]   [lr0.0001_ema0.85_img512_pw7] Epoch 2/10: Train=0.1355, Val=0.3394, IoU=0.0000
2026-02-20 13:43:30,414 [INFO]   [lr0.0001_ema0.85_img512_pw7] Epoch 3/10: Train=0.1171, Val=0.2906, IoU=0.1406
2026-02-20 13:43:36,485 [INFO]   [lr0.0001_ema0.85_img512_pw7] Epoch 4/10: Train=0.1302, Val=0.3988, IoU=0.0858
2026-02-20 13:43:42,581 [INFO]   [lr0.0001_ema0.85_img512_pw7] Epoch 5/10: Train=0.1303, Val=0.3601, IoU=0.0996
2026-02-20 13:43:48,676 [INFO]   [lr0.0001_ema0.85_img512_pw7] Epoch 6/10: Train=0.1300, Val=0.3521, IoU=0.0937
2026-02-20 13:43:54,778 [INFO]   [lr0.0001_ema0.85_img512_pw7] Epoch 7/10: Train=0.1109, Val=0.4070, IoU=0.0861
2026-02-20 13:44:00,856 [INFO]   [lr0.0001_ema0.85_img512_pw7] Epoch 8/10: Train=0.1147, Val=0.3728, IoU=0.0918
2026-02-20 13:44:06,927 [INFO]   [lr0.0001_ema0.85_img512_pw7] Epoch 9/10: Train=0.1215, Val=0.4168, IoU=0.0724
2026-02-20 13:44:13,049 [INFO]   [lr0.0001_ema0.85_img512_pw7] Epoch 10/10: Train=0.1167, Val=0.3329, IoU=0.1097
2026-02-20 13:44:13,289 [INFO]   [lr0.0001_ema0.85_img512_pw7] Best IoU: 0.1406 | Time: 61.2s | Saved: guided_box_ijmond/grid_search/lr0.0001_ema0.85_img512_pw7.pth
2026-02-20 13:44:13,296 [INFO] 
======================================================================
2026-02-20 13:44:13,297 [INFO] [12/108]
2026-02-20 13:44:13,297 [INFO] ======================================================================
2026-02-20 13:44:13,297 [INFO] Starting run: lr0.0001_ema0.85_img512_pw9
2026-02-20 13:44:20,099 [INFO]   [lr0.0001_ema0.85_img512_pw9] Epoch 1/10: Train=0.5606, Val=0.4912, IoU=0.0000
2026-02-20 13:44:26,188 [INFO]   [lr0.0001_ema0.85_img512_pw9] Epoch 2/10: Train=0.2263, Val=0.5027, IoU=0.0051
2026-02-20 13:44:32,233 [INFO]   [lr0.0001_ema0.85_img512_pw9] Epoch 3/10: Train=0.2011, Val=0.4599, IoU=0.0245
2026-02-20 13:44:38,305 [INFO]   [lr0.0001_ema0.85_img512_pw9] Epoch 4/10: Train=0.1620, Val=0.4497, IoU=0.0740
2026-02-20 13:44:44,369 [INFO]   [lr0.0001_ema0.85_img512_pw9] Epoch 5/10: Train=0.1402, Val=0.4199, IoU=0.0772
2026-02-20 13:44:50,464 [INFO]   [lr0.0001_ema0.85_img512_pw9] Epoch 6/10: Train=0.1206, Val=0.4481, IoU=0.0754
2026-02-20 13:44:56,567 [INFO]   [lr0.0001_ema0.85_img512_pw9] Epoch 7/10: Train=0.1194, Val=0.4689, IoU=0.0746
2026-02-20 13:45:02,677 [INFO]   [lr0.0001_ema0.85_img512_pw9] Epoch 8/10: Train=0.1068, Val=0.4546, IoU=0.0832
2026-02-20 13:45:08,769 [INFO]   [lr0.0001_ema0.85_img512_pw9] Epoch 9/10: Train=0.0944, Val=0.6053, IoU=0.0721
2026-02-20 13:45:14,851 [INFO]   [lr0.0001_ema0.85_img512_pw9] Epoch 10/10: Train=0.0890, Val=0.5786, IoU=0.0662
2026-02-20 13:45:15,097 [INFO]   [lr0.0001_ema0.85_img512_pw9] Best IoU: 0.0832 | Time: 61.6s | Saved: guided_box_ijmond/grid_search/lr0.0001_ema0.85_img512_pw9.pth
2026-02-20 13:45:15,104 [INFO] 
======================================================================
2026-02-20 13:45:15,104 [INFO] [13/108]
2026-02-20 13:45:15,104 [INFO] ======================================================================
2026-02-20 13:45:15,104 [INFO] Starting run: lr0.0001_ema0.9_img128_pw3
2026-02-20 13:45:18,459 [INFO]   [lr0.0001_ema0.9_img128_pw3] Epoch 1/10: Train=0.2567, Val=0.2550, IoU=0.0000
2026-02-20 13:45:21,016 [INFO]   [lr0.0001_ema0.9_img128_pw3] Epoch 2/10: Train=0.0831, Val=0.2516, IoU=0.0000
2026-02-20 13:45:23,570 [INFO]   [lr0.0001_ema0.9_img128_pw3] Epoch 3/10: Train=0.0716, Val=0.2423, IoU=0.0000
2026-02-20 13:45:26,115 [INFO]   [lr0.0001_ema0.9_img128_pw3] Epoch 4/10: Train=0.0656, Val=0.2240, IoU=0.0000
2026-02-20 13:45:28,692 [INFO]   [lr0.0001_ema0.9_img128_pw3] Epoch 5/10: Train=0.0583, Val=0.2297, IoU=0.0000
2026-02-20 13:45:31,283 [INFO]   [lr0.0001_ema0.9_img128_pw3] Epoch 6/10: Train=0.0561, Val=0.2292, IoU=0.0240
2026-02-20 13:45:33,916 [INFO]   [lr0.0001_ema0.9_img128_pw3] Epoch 7/10: Train=0.0706, Val=0.2666, IoU=0.0631
2026-02-20 13:45:36,636 [INFO]   [lr0.0001_ema0.9_img128_pw3] Epoch 8/10: Train=0.1184, Val=0.2449, IoU=0.0634
2026-02-20 13:45:39,373 [INFO]   [lr0.0001_ema0.9_img128_pw3] Epoch 9/10: Train=0.1078, Val=0.2563, IoU=0.0718
2026-02-20 13:45:42,163 [INFO]   [lr0.0001_ema0.9_img128_pw3] Epoch 10/10: Train=0.0958, Val=0.2641, IoU=0.0715
2026-02-20 13:45:42,403 [INFO]   [lr0.0001_ema0.9_img128_pw3] Best IoU: 0.0718 | Time: 27.1s | Saved: guided_box_ijmond/grid_search/lr0.0001_ema0.9_img128_pw3.pth
2026-02-20 13:45:42,407 [INFO] 
======================================================================
2026-02-20 13:45:42,407 [INFO] [14/108]
2026-02-20 13:45:42,408 [INFO] ======================================================================
2026-02-20 13:45:42,408 [INFO] Starting run: lr0.0001_ema0.9_img128_pw5
2026-02-20 13:45:45,717 [INFO]   [lr0.0001_ema0.9_img128_pw5] Epoch 1/10: Train=0.3341, Val=0.3492, IoU=0.0000
2026-02-20 13:45:48,265 [INFO]   [lr0.0001_ema0.9_img128_pw5] Epoch 2/10: Train=0.1103, Val=0.3536, IoU=0.0000
2026-02-20 13:45:50,809 [INFO]   [lr0.0001_ema0.9_img128_pw5] Epoch 3/10: Train=0.1047, Val=0.3532, IoU=0.0000
2026-02-20 13:45:53,356 [INFO]   [lr0.0001_ema0.9_img128_pw5] Epoch 4/10: Train=0.0833, Val=0.3563, IoU=0.0013
2026-02-20 13:45:55,906 [INFO]   [lr0.0001_ema0.9_img128_pw5] Epoch 5/10: Train=0.0830, Val=0.3412, IoU=0.0296
2026-02-20 13:45:58,509 [INFO]   [lr0.0001_ema0.9_img128_pw5] Epoch 6/10: Train=0.0845, Val=0.3000, IoU=0.1008
2026-02-20 13:46:01,203 [INFO]   [lr0.0001_ema0.9_img128_pw5] Epoch 7/10: Train=0.1044, Val=0.3390, IoU=0.0842
2026-02-20 13:46:03,929 [INFO]   [lr0.0001_ema0.9_img128_pw5] Epoch 8/10: Train=0.1131, Val=0.3484, IoU=0.0745
2026-02-20 13:46:06,673 [INFO]   [lr0.0001_ema0.9_img128_pw5] Epoch 9/10: Train=0.1098, Val=0.3445, IoU=0.0778
2026-02-20 13:46:09,407 [INFO]   [lr0.0001_ema0.9_img128_pw5] Epoch 10/10: Train=0.1173, Val=0.3451, IoU=0.0766
2026-02-20 13:46:09,651 [INFO]   [lr0.0001_ema0.9_img128_pw5] Best IoU: 0.1008 | Time: 27.0s | Saved: guided_box_ijmond/grid_search/lr0.0001_ema0.9_img128_pw5.pth
2026-02-20 13:46:09,656 [INFO] 
======================================================================
2026-02-20 13:46:09,656 [INFO] [15/108]
2026-02-20 13:46:09,656 [INFO] ======================================================================
2026-02-20 13:46:09,656 [INFO] Starting run: lr0.0001_ema0.9_img128_pw7
2026-02-20 13:46:13,000 [INFO]   [lr0.0001_ema0.9_img128_pw7] Epoch 1/10: Train=0.3772, Val=0.4960, IoU=0.0000
2026-02-20 13:46:15,558 [INFO]   [lr0.0001_ema0.9_img128_pw7] Epoch 2/10: Train=0.1399, Val=0.3854, IoU=0.0000
2026-02-20 13:46:18,122 [INFO]   [lr0.0001_ema0.9_img128_pw7] Epoch 3/10: Train=0.1178, Val=0.3998, IoU=0.0000
2026-02-20 13:46:20,715 [INFO]   [lr0.0001_ema0.9_img128_pw7] Epoch 4/10: Train=0.1083, Val=0.4008, IoU=0.0629
2026-02-20 13:46:23,354 [INFO]   [lr0.0001_ema0.9_img128_pw7] Epoch 5/10: Train=0.1075, Val=0.4068, IoU=0.0824
2026-02-20 13:46:26,043 [INFO]   [lr0.0001_ema0.9_img128_pw7] Epoch 6/10: Train=0.1183, Val=0.4236, IoU=0.0769
2026-02-20 13:46:28,763 [INFO]   [lr0.0001_ema0.9_img128_pw7] Epoch 7/10: Train=0.1228, Val=0.4385, IoU=0.0737
2026-02-20 13:46:31,492 [INFO]   [lr0.0001_ema0.9_img128_pw7] Epoch 8/10: Train=0.1206, Val=0.4436, IoU=0.0659
2026-02-20 13:46:34,234 [INFO]   [lr0.0001_ema0.9_img128_pw7] Epoch 9/10: Train=0.1109, Val=0.4412, IoU=0.0726
2026-02-20 13:46:36,977 [INFO]   [lr0.0001_ema0.9_img128_pw7] Epoch 10/10: Train=0.1088, Val=0.4425, IoU=0.0694
2026-02-20 13:46:37,213 [INFO]   [lr0.0001_ema0.9_img128_pw7] Best IoU: 0.0824 | Time: 27.3s | Saved: guided_box_ijmond/grid_search/lr0.0001_ema0.9_img128_pw7.pth
2026-02-20 13:46:37,220 [INFO] 
======================================================================
2026-02-20 13:46:37,220 [INFO] [16/108]
2026-02-20 13:46:37,220 [INFO] ======================================================================
2026-02-20 13:46:37,220 [INFO] Starting run: lr0.0001_ema0.9_img128_pw9
2026-02-20 13:46:40,605 [INFO]   [lr0.0001_ema0.9_img128_pw9] Epoch 1/10: Train=0.4034, Val=0.5363, IoU=0.0000
2026-02-20 13:46:43,149 [INFO]   [lr0.0001_ema0.9_img128_pw9] Epoch 2/10: Train=0.1813, Val=0.4800, IoU=0.0000
2026-02-20 13:46:45,727 [INFO]   [lr0.0001_ema0.9_img128_pw9] Epoch 3/10: Train=0.1612, Val=0.4478, IoU=0.0000
2026-02-20 13:46:48,303 [INFO]   [lr0.0001_ema0.9_img128_pw9] Epoch 4/10: Train=0.1429, Val=0.4415, IoU=0.0000
2026-02-20 13:46:50,893 [INFO]   [lr0.0001_ema0.9_img128_pw9] Epoch 5/10: Train=0.1352, Val=0.4190, IoU=0.0424
2026-02-20 13:46:53,512 [INFO]   [lr0.0001_ema0.9_img128_pw9] Epoch 6/10: Train=0.1382, Val=0.4227, IoU=0.0466
2026-02-20 13:46:56,177 [INFO]   [lr0.0001_ema0.9_img128_pw9] Epoch 7/10: Train=0.1406, Val=0.4408, IoU=0.0747
2026-02-20 13:46:58,864 [INFO]   [lr0.0001_ema0.9_img128_pw9] Epoch 8/10: Train=0.1265, Val=0.5040, IoU=0.0641
2026-02-20 13:47:01,567 [INFO]   [lr0.0001_ema0.9_img128_pw9] Epoch 9/10: Train=0.1345, Val=0.4674, IoU=0.0748
2026-02-20 13:47:04,302 [INFO]   [lr0.0001_ema0.9_img128_pw9] Epoch 10/10: Train=0.1276, Val=0.5252, IoU=0.0649
2026-02-20 13:47:04,565 [INFO]   [lr0.0001_ema0.9_img128_pw9] Best IoU: 0.0748 | Time: 27.1s | Saved: guided_box_ijmond/grid_search/lr0.0001_ema0.9_img128_pw9.pth
2026-02-20 13:47:04,572 [INFO] 
======================================================================
2026-02-20 13:47:04,572 [INFO] [17/108]
2026-02-20 13:47:04,572 [INFO] ======================================================================
2026-02-20 13:47:04,572 [INFO] Starting run: lr0.0001_ema0.9_img256_pw3
2026-02-20 13:47:08,296 [INFO]   [lr0.0001_ema0.9_img256_pw3] Epoch 1/10: Train=0.5338, Val=0.2341, IoU=0.0000
2026-02-20 13:47:11,230 [INFO]   [lr0.0001_ema0.9_img256_pw3] Epoch 2/10: Train=0.0754, Val=0.1989, IoU=0.0000
2026-02-20 13:47:14,163 [INFO]   [lr0.0001_ema0.9_img256_pw3] Epoch 3/10: Train=0.0624, Val=0.1884, IoU=0.0000
2026-02-20 13:47:17,082 [INFO]   [lr0.0001_ema0.9_img256_pw3] Epoch 4/10: Train=0.0553, Val=0.1922, IoU=0.0000
2026-02-20 13:47:20,055 [INFO]   [lr0.0001_ema0.9_img256_pw3] Epoch 5/10: Train=0.0608, Val=0.2072, IoU=0.1274
2026-02-20 13:47:23,168 [INFO]   [lr0.0001_ema0.9_img256_pw3] Epoch 6/10: Train=0.0919, Val=0.2748, IoU=0.0836
2026-02-20 13:47:26,314 [INFO]   [lr0.0001_ema0.9_img256_pw3] Epoch 7/10: Train=0.1004, Val=0.2661, IoU=0.0800
2026-02-20 13:47:29,465 [INFO]   [lr0.0001_ema0.9_img256_pw3] Epoch 8/10: Train=0.0897, Val=0.2683, IoU=0.0812
2026-02-20 13:47:32,596 [INFO]   [lr0.0001_ema0.9_img256_pw3] Epoch 9/10: Train=0.0937, Val=0.2601, IoU=0.0923
2026-02-20 13:47:35,740 [INFO]   [lr0.0001_ema0.9_img256_pw3] Epoch 10/10: Train=0.0946, Val=0.2690, IoU=0.0873
2026-02-20 13:47:36,004 [INFO]   [lr0.0001_ema0.9_img256_pw3] Best IoU: 0.1274 | Time: 31.2s | Saved: guided_box_ijmond/grid_search/lr0.0001_ema0.9_img256_pw3.pth
2026-02-20 13:47:36,012 [INFO] 
======================================================================
2026-02-20 13:47:36,012 [INFO] [18/108]
2026-02-20 13:47:36,012 [INFO] ======================================================================
2026-02-20 13:47:36,012 [INFO] Starting run: lr0.0001_ema0.9_img256_pw5
2026-02-20 13:47:39,795 [INFO]   [lr0.0001_ema0.9_img256_pw5] Epoch 1/10: Train=0.4700, Val=0.3458, IoU=0.0000
2026-02-20 13:47:42,722 [INFO]   [lr0.0001_ema0.9_img256_pw5] Epoch 2/10: Train=0.1094, Val=0.2817, IoU=0.0000
2026-02-20 13:47:45,660 [INFO]   [lr0.0001_ema0.9_img256_pw5] Epoch 3/10: Train=0.0855, Val=0.2787, IoU=0.0000
2026-02-20 13:47:48,591 [INFO]   [lr0.0001_ema0.9_img256_pw5] Epoch 4/10: Train=0.0781, Val=0.2562, IoU=0.0346
2026-02-20 13:47:51,618 [INFO]   [lr0.0001_ema0.9_img256_pw5] Epoch 5/10: Train=0.0861, Val=0.2751, IoU=0.1132
2026-02-20 13:47:54,729 [INFO]   [lr0.0001_ema0.9_img256_pw5] Epoch 6/10: Train=0.1030, Val=0.3358, IoU=0.0810
2026-02-20 13:47:57,849 [INFO]   [lr0.0001_ema0.9_img256_pw5] Epoch 7/10: Train=0.1176, Val=0.3388, IoU=0.0830
2026-02-20 13:48:00,967 [INFO]   [lr0.0001_ema0.9_img256_pw5] Epoch 8/10: Train=0.0944, Val=0.3239, IoU=0.0848
2026-02-20 13:48:04,098 [INFO]   [lr0.0001_ema0.9_img256_pw5] Epoch 9/10: Train=0.0930, Val=0.3481, IoU=0.0798
2026-02-20 13:48:07,232 [INFO]   [lr0.0001_ema0.9_img256_pw5] Epoch 10/10: Train=0.0870, Val=0.3342, IoU=0.0933
2026-02-20 13:48:07,495 [INFO]   [lr0.0001_ema0.9_img256_pw5] Best IoU: 0.1132 | Time: 31.2s | Saved: guided_box_ijmond/grid_search/lr0.0001_ema0.9_img256_pw5.pth
2026-02-20 13:48:07,502 [INFO] 
======================================================================
2026-02-20 13:48:07,502 [INFO] [19/108]
2026-02-20 13:48:07,502 [INFO] ======================================================================
2026-02-20 13:48:07,502 [INFO] Starting run: lr0.0001_ema0.9_img256_pw7
2026-02-20 13:48:11,281 [INFO]   [lr0.0001_ema0.9_img256_pw7] Epoch 1/10: Train=0.3674, Val=0.4104, IoU=0.0000
2026-02-20 13:48:14,223 [INFO]   [lr0.0001_ema0.9_img256_pw7] Epoch 2/10: Train=0.1318, Val=0.3484, IoU=0.0000
2026-02-20 13:48:17,162 [INFO]   [lr0.0001_ema0.9_img256_pw7] Epoch 3/10: Train=0.1071, Val=0.3064, IoU=0.0000
2026-02-20 13:48:20,183 [INFO]   [lr0.0001_ema0.9_img256_pw7] Epoch 4/10: Train=0.1016, Val=0.3357, IoU=0.1017
2026-02-20 13:48:23,287 [INFO]   [lr0.0001_ema0.9_img256_pw7] Epoch 5/10: Train=0.1065, Val=0.4092, IoU=0.0801
2026-02-20 13:48:26,410 [INFO]   [lr0.0001_ema0.9_img256_pw7] Epoch 6/10: Train=0.1041, Val=0.3689, IoU=0.0910
2026-02-20 13:48:29,558 [INFO]   [lr0.0001_ema0.9_img256_pw7] Epoch 7/10: Train=0.1122, Val=0.4051, IoU=0.0813
2026-02-20 13:48:32,703 [INFO]   [lr0.0001_ema0.9_img256_pw7] Epoch 8/10: Train=0.1035, Val=0.4561, IoU=0.0772
2026-02-20 13:48:35,854 [INFO]   [lr0.0001_ema0.9_img256_pw7] Epoch 9/10: Train=0.0928, Val=0.3993, IoU=0.0951
2026-02-20 13:48:39,016 [INFO]   [lr0.0001_ema0.9_img256_pw7] Epoch 10/10: Train=0.0886, Val=0.4294, IoU=0.0825
2026-02-20 13:48:39,259 [INFO]   [lr0.0001_ema0.9_img256_pw7] Best IoU: 0.1017 | Time: 31.5s | Saved: guided_box_ijmond/grid_search/lr0.0001_ema0.9_img256_pw7.pth
2026-02-20 13:48:39,266 [INFO] 
======================================================================
2026-02-20 13:48:39,266 [INFO] [20/108]
2026-02-20 13:48:39,266 [INFO] ======================================================================
2026-02-20 13:48:39,266 [INFO] Starting run: lr0.0001_ema0.9_img256_pw9
2026-02-20 13:48:43,009 [INFO]   [lr0.0001_ema0.9_img256_pw9] Epoch 1/10: Train=0.5098, Val=0.4754, IoU=0.0000
2026-02-20 13:48:45,937 [INFO]   [lr0.0001_ema0.9_img256_pw9] Epoch 2/10: Train=0.1547, Val=0.3991, IoU=0.0000
2026-02-20 13:48:48,927 [INFO]   [lr0.0001_ema0.9_img256_pw9] Epoch 3/10: Train=0.1342, Val=0.3556, IoU=0.1154
2026-02-20 13:48:52,047 [INFO]   [lr0.0001_ema0.9_img256_pw9] Epoch 4/10: Train=0.1371, Val=0.4790, IoU=0.0752
2026-02-20 13:48:55,161 [INFO]   [lr0.0001_ema0.9_img256_pw9] Epoch 5/10: Train=0.1191, Val=0.4289, IoU=0.0896
2026-02-20 13:48:58,290 [INFO]   [lr0.0001_ema0.9_img256_pw9] Epoch 6/10: Train=0.1140, Val=0.4761, IoU=0.0823
2026-02-20 13:49:01,412 [INFO]   [lr0.0001_ema0.9_img256_pw9] Epoch 7/10: Train=0.1045, Val=0.4246, IoU=0.0977
2026-02-20 13:49:04,531 [INFO]   [lr0.0001_ema0.9_img256_pw9] Epoch 8/10: Train=0.1000, Val=0.4518, IoU=0.0931
2026-02-20 13:49:07,670 [INFO]   [lr0.0001_ema0.9_img256_pw9] Epoch 9/10: Train=0.0905, Val=0.4743, IoU=0.0960
2026-02-20 13:49:10,786 [INFO]   [lr0.0001_ema0.9_img256_pw9] Epoch 10/10: Train=0.0940, Val=0.3977, IoU=0.1034
2026-02-20 13:49:11,026 [INFO]   [lr0.0001_ema0.9_img256_pw9] Best IoU: 0.1154 | Time: 31.5s | Saved: guided_box_ijmond/grid_search/lr0.0001_ema0.9_img256_pw9.pth
2026-02-20 13:49:11,033 [INFO] 
======================================================================
2026-02-20 13:49:11,033 [INFO] [21/108]
2026-02-20 13:49:11,033 [INFO] ======================================================================
2026-02-20 13:49:11,033 [INFO] Starting run: lr0.0001_ema0.9_img512_pw3
2026-02-20 13:49:17,737 [INFO]   [lr0.0001_ema0.9_img512_pw3] Epoch 1/10: Train=0.6613, Val=0.7001, IoU=0.0044
2026-02-20 13:49:23,727 [INFO]   [lr0.0001_ema0.9_img512_pw3] Epoch 2/10: Train=0.1950, Val=0.2645, IoU=0.0000
2026-02-20 13:49:29,620 [INFO]   [lr0.0001_ema0.9_img512_pw3] Epoch 3/10: Train=0.0793, Val=0.1976, IoU=0.0000
2026-02-20 13:49:35,529 [INFO]   [lr0.0001_ema0.9_img512_pw3] Epoch 4/10: Train=0.0622, Val=0.1760, IoU=0.0000
2026-02-20 13:49:41,451 [INFO]   [lr0.0001_ema0.9_img512_pw3] Epoch 5/10: Train=0.0557, Val=0.1681, IoU=0.0000
2026-02-20 13:49:47,437 [INFO]   [lr0.0001_ema0.9_img512_pw3] Epoch 6/10: Train=0.0608, Val=0.1812, IoU=0.1616
2026-02-20 13:49:53,528 [INFO]   [lr0.0001_ema0.9_img512_pw3] Epoch 7/10: Train=0.0866, Val=0.2576, IoU=0.0885
2026-02-20 13:49:59,663 [INFO]   [lr0.0001_ema0.9_img512_pw3] Epoch 8/10: Train=0.0848, Val=0.2708, IoU=0.0927
2026-02-20 13:50:05,803 [INFO]   [lr0.0001_ema0.9_img512_pw3] Epoch 9/10: Train=0.0819, Val=0.2598, IoU=0.0989
2026-02-20 13:50:11,959 [INFO]   [lr0.0001_ema0.9_img512_pw3] Epoch 10/10: Train=0.0761, Val=0.2654, IoU=0.0898
2026-02-20 13:50:12,215 [INFO]   [lr0.0001_ema0.9_img512_pw3] Best IoU: 0.1616 | Time: 60.9s | Saved: guided_box_ijmond/grid_search/lr0.0001_ema0.9_img512_pw3.pth
2026-02-20 13:50:12,222 [INFO] 
======================================================================
2026-02-20 13:50:12,222 [INFO] [22/108]
2026-02-20 13:50:12,222 [INFO] ======================================================================
2026-02-20 13:50:12,222 [INFO] Starting run: lr0.0001_ema0.9_img512_pw5
2026-02-20 13:50:18,995 [INFO]   [lr0.0001_ema0.9_img512_pw5] Epoch 1/10: Train=0.6864, Val=0.3370, IoU=0.0000
2026-02-20 13:50:24,866 [INFO]   [lr0.0001_ema0.9_img512_pw5] Epoch 2/10: Train=0.1057, Val=0.2633, IoU=0.0000
2026-02-20 13:50:30,753 [INFO]   [lr0.0001_ema0.9_img512_pw5] Epoch 3/10: Train=0.0832, Val=0.2360, IoU=0.0094
2026-02-20 13:50:36,748 [INFO]   [lr0.0001_ema0.9_img512_pw5] Epoch 4/10: Train=0.1108, Val=2.4683, IoU=0.0217
2026-02-20 13:50:42,760 [INFO]   [lr0.0001_ema0.9_img512_pw5] Epoch 5/10: Train=0.1192, Val=0.2481, IoU=0.1435
2026-02-20 13:50:48,852 [INFO]   [lr0.0001_ema0.9_img512_pw5] Epoch 6/10: Train=0.1111, Val=0.3014, IoU=0.0990
2026-02-20 13:50:54,950 [INFO]   [lr0.0001_ema0.9_img512_pw5] Epoch 7/10: Train=0.1066, Val=0.2871, IoU=0.1045
2026-02-20 13:51:01,044 [INFO]   [lr0.0001_ema0.9_img512_pw5] Epoch 8/10: Train=0.0991, Val=0.3072, IoU=0.1024
2026-02-20 13:51:07,142 [INFO]   [lr0.0001_ema0.9_img512_pw5] Epoch 9/10: Train=0.0933, Val=0.3320, IoU=0.0926
2026-02-20 13:51:13,272 [INFO]   [lr0.0001_ema0.9_img512_pw5] Epoch 10/10: Train=0.0990, Val=0.3294, IoU=0.0877
2026-02-20 13:51:13,521 [INFO]   [lr0.0001_ema0.9_img512_pw5] Best IoU: 0.1435 | Time: 61.1s | Saved: guided_box_ijmond/grid_search/lr0.0001_ema0.9_img512_pw5.pth
2026-02-20 13:51:13,529 [INFO] 
======================================================================
2026-02-20 13:51:13,529 [INFO] [23/108]
2026-02-20 13:51:13,529 [INFO] ======================================================================
2026-02-20 13:51:13,529 [INFO] Starting run: lr0.0001_ema0.9_img512_pw7
2026-02-20 13:51:20,321 [INFO]   [lr0.0001_ema0.9_img512_pw7] Epoch 1/10: Train=0.7609, Val=0.6912, IoU=0.0000
2026-02-20 13:51:26,417 [INFO]   [lr0.0001_ema0.9_img512_pw7] Epoch 2/10: Train=0.2299, Val=0.4684, IoU=0.0041
2026-02-20 13:51:32,520 [INFO]   [lr0.0001_ema0.9_img512_pw7] Epoch 3/10: Train=0.1748, Val=0.4128, IoU=0.0077
2026-02-20 13:51:38,612 [INFO]   [lr0.0001_ema0.9_img512_pw7] Epoch 4/10: Train=0.1496, Val=0.3677, IoU=0.0707
2026-02-20 13:51:44,718 [INFO]   [lr0.0001_ema0.9_img512_pw7] Epoch 5/10: Train=0.1264, Val=0.3613, IoU=0.0865
2026-02-20 13:51:50,827 [INFO]   [lr0.0001_ema0.9_img512_pw7] Epoch 6/10: Train=0.1079, Val=0.3625, IoU=0.0904
2026-02-20 13:51:56,915 [INFO]   [lr0.0001_ema0.9_img512_pw7] Epoch 7/10: Train=0.0992, Val=0.4485, IoU=0.0737
2026-02-20 13:52:03,012 [INFO]   [lr0.0001_ema0.9_img512_pw7] Epoch 8/10: Train=0.0939, Val=0.4820, IoU=0.0819
2026-02-20 13:52:09,093 [INFO]   [lr0.0001_ema0.9_img512_pw7] Epoch 9/10: Train=0.0971, Val=0.4376, IoU=0.0793
2026-02-20 13:52:15,200 [INFO]   [lr0.0001_ema0.9_img512_pw7] Epoch 10/10: Train=0.0819, Val=0.5011, IoU=0.0798
2026-02-20 13:52:15,447 [INFO]   [lr0.0001_ema0.9_img512_pw7] Best IoU: 0.0904 | Time: 61.7s | Saved: guided_box_ijmond/grid_search/lr0.0001_ema0.9_img512_pw7.pth
2026-02-20 13:52:15,455 [INFO] 
======================================================================
2026-02-20 13:52:15,455 [INFO] [24/108]
2026-02-20 13:52:15,455 [INFO] ======================================================================
2026-02-20 13:52:15,455 [INFO] Starting run: lr0.0001_ema0.9_img512_pw9
2026-02-20 13:52:22,306 [INFO]   [lr0.0001_ema0.9_img512_pw9] Epoch 1/10: Train=0.7410, Val=0.5078, IoU=0.0042
2026-02-20 13:52:28,414 [INFO]   [lr0.0001_ema0.9_img512_pw9] Epoch 2/10: Train=0.2023, Val=0.4587, IoU=0.0123
2026-02-20 13:52:34,520 [INFO]   [lr0.0001_ema0.9_img512_pw9] Epoch 3/10: Train=0.1622, Val=0.4174, IoU=0.0793
2026-02-20 13:52:40,619 [INFO]   [lr0.0001_ema0.9_img512_pw9] Epoch 4/10: Train=0.1296, Val=0.4147, IoU=0.0860
2026-02-20 13:52:46,716 [INFO]   [lr0.0001_ema0.9_img512_pw9] Epoch 5/10: Train=0.1094, Val=0.4167, IoU=0.0936
2026-02-20 13:52:52,827 [INFO]   [lr0.0001_ema0.9_img512_pw9] Epoch 6/10: Train=0.0981, Val=0.4782, IoU=0.0859
2026-02-20 13:52:58,951 [INFO]   [lr0.0001_ema0.9_img512_pw9] Epoch 7/10: Train=0.1086, Val=0.4748, IoU=0.0749
2026-02-20 13:53:05,048 [INFO]   [lr0.0001_ema0.9_img512_pw9] Epoch 8/10: Train=0.1050, Val=0.5293, IoU=0.0834
2026-02-20 13:53:11,157 [INFO]   [lr0.0001_ema0.9_img512_pw9] Epoch 9/10: Train=0.1021, Val=0.4830, IoU=0.0781
2026-02-20 13:53:17,277 [INFO]   [lr0.0001_ema0.9_img512_pw9] Epoch 10/10: Train=0.0943, Val=0.5974, IoU=0.0805
2026-02-20 13:53:17,527 [INFO]   [lr0.0001_ema0.9_img512_pw9] Best IoU: 0.0936 | Time: 61.8s | Saved: guided_box_ijmond/grid_search/lr0.0001_ema0.9_img512_pw9.pth
2026-02-20 13:53:17,536 [INFO] 
======================================================================
2026-02-20 13:53:17,536 [INFO] [25/108]
2026-02-20 13:53:17,536 [INFO] ======================================================================
2026-02-20 13:53:17,536 [INFO] Starting run: lr0.0001_ema0.95_img128_pw3
2026-02-20 13:53:20,911 [INFO]   [lr0.0001_ema0.95_img128_pw3] Epoch 1/10: Train=0.3707, Val=0.2664, IoU=0.0000
2026-02-20 13:53:23,482 [INFO]   [lr0.0001_ema0.95_img128_pw3] Epoch 2/10: Train=0.0877, Val=0.2562, IoU=0.0000
2026-02-20 13:53:26,070 [INFO]   [lr0.0001_ema0.95_img128_pw3] Epoch 3/10: Train=0.0733, Val=0.2567, IoU=0.0000
2026-02-20 13:53:28,646 [INFO]   [lr0.0001_ema0.95_img128_pw3] Epoch 4/10: Train=0.0660, Val=0.2722, IoU=0.0000
2026-02-20 13:53:31,224 [INFO]   [lr0.0001_ema0.95_img128_pw3] Epoch 5/10: Train=0.0609, Val=0.2518, IoU=0.0000
2026-02-20 13:53:33,818 [INFO]   [lr0.0001_ema0.95_img128_pw3] Epoch 6/10: Train=0.0584, Val=0.2372, IoU=0.0178
2026-02-20 13:53:36,411 [INFO]   [lr0.0001_ema0.95_img128_pw3] Epoch 7/10: Train=0.0610, Val=0.2620, IoU=0.0211
2026-02-20 13:53:39,048 [INFO]   [lr0.0001_ema0.95_img128_pw3] Epoch 8/10: Train=0.0607, Val=0.2288, IoU=0.1020
2026-02-20 13:53:41,737 [INFO]   [lr0.0001_ema0.95_img128_pw3] Epoch 9/10: Train=0.0781, Val=0.2561, IoU=0.0635
2026-02-20 13:53:44,425 [INFO]   [lr0.0001_ema0.95_img128_pw3] Epoch 10/10: Train=0.0904, Val=0.3277, IoU=0.0660
2026-02-20 13:53:44,669 [INFO]   [lr0.0001_ema0.95_img128_pw3] Best IoU: 0.1020 | Time: 26.9s | Saved: guided_box_ijmond/grid_search/lr0.0001_ema0.95_img128_pw3.pth
2026-02-20 13:53:44,674 [INFO] 
======================================================================
2026-02-20 13:53:44,675 [INFO] [26/108]
2026-02-20 13:53:44,675 [INFO] ======================================================================
2026-02-20 13:53:44,675 [INFO] Starting run: lr0.0001_ema0.95_img128_pw5
2026-02-20 13:53:48,025 [INFO]   [lr0.0001_ema0.95_img128_pw5] Epoch 1/10: Train=0.3629, Val=0.3825, IoU=0.0000
2026-02-20 13:53:50,591 [INFO]   [lr0.0001_ema0.95_img128_pw5] Epoch 2/10: Train=0.1218, Val=0.3261, IoU=0.0000
2026-02-20 13:53:53,166 [INFO]   [lr0.0001_ema0.95_img128_pw5] Epoch 3/10: Train=0.1020, Val=0.3339, IoU=0.0000
2026-02-20 13:53:55,740 [INFO]   [lr0.0001_ema0.95_img128_pw5] Epoch 4/10: Train=0.0904, Val=0.3422, IoU=0.0000
2026-02-20 13:53:58,332 [INFO]   [lr0.0001_ema0.95_img128_pw5] Epoch 5/10: Train=0.0824, Val=0.3174, IoU=0.0000
2026-02-20 13:54:00,918 [INFO]   [lr0.0001_ema0.95_img128_pw5] Epoch 6/10: Train=0.0803, Val=0.3084, IoU=0.0196
2026-02-20 13:54:03,528 [INFO]   [lr0.0001_ema0.95_img128_pw5] Epoch 7/10: Train=0.0799, Val=0.3386, IoU=0.0589
2026-02-20 13:54:06,201 [INFO]   [lr0.0001_ema0.95_img128_pw5] Epoch 8/10: Train=0.1029, Val=0.3235, IoU=0.0969
2026-02-20 13:54:08,955 [INFO]   [lr0.0001_ema0.95_img128_pw5] Epoch 9/10: Train=0.1164, Val=0.3630, IoU=0.0730
2026-02-20 13:54:11,725 [INFO]   [lr0.0001_ema0.95_img128_pw5] Epoch 10/10: Train=0.1114, Val=0.3542, IoU=0.0721
2026-02-20 13:54:11,971 [INFO]   [lr0.0001_ema0.95_img128_pw5] Best IoU: 0.0969 | Time: 27.1s | Saved: guided_box_ijmond/grid_search/lr0.0001_ema0.95_img128_pw5.pth
2026-02-20 13:54:11,977 [INFO] 
======================================================================
2026-02-20 13:54:11,977 [INFO] [27/108]
2026-02-20 13:54:11,977 [INFO] ======================================================================
2026-02-20 13:54:11,977 [INFO] Starting run: lr0.0001_ema0.95_img128_pw7
2026-02-20 13:54:15,344 [INFO]   [lr0.0001_ema0.95_img128_pw7] Epoch 1/10: Train=0.3882, Val=0.4616, IoU=0.0000
2026-02-20 13:54:17,963 [INFO]   [lr0.0001_ema0.95_img128_pw7] Epoch 2/10: Train=0.1405, Val=0.4078, IoU=0.0000
2026-02-20 13:54:20,562 [INFO]   [lr0.0001_ema0.95_img128_pw7] Epoch 3/10: Train=0.1180, Val=0.3730, IoU=0.0000
2026-02-20 13:54:23,202 [INFO]   [lr0.0001_ema0.95_img128_pw7] Epoch 4/10: Train=0.1097, Val=0.3966, IoU=0.0345
2026-02-20 13:54:25,919 [INFO]   [lr0.0001_ema0.95_img128_pw7] Epoch 5/10: Train=0.1030, Val=0.3829, IoU=0.1217
2026-02-20 13:54:28,632 [INFO]   [lr0.0001_ema0.95_img128_pw7] Epoch 6/10: Train=0.1094, Val=0.3716, IoU=0.0971
2026-02-20 13:54:31,411 [INFO]   [lr0.0001_ema0.95_img128_pw7] Epoch 7/10: Train=0.1236, Val=0.3884, IoU=0.0770
2026-02-20 13:54:34,185 [INFO]   [lr0.0001_ema0.95_img128_pw7] Epoch 8/10: Train=0.1179, Val=0.4037, IoU=0.0762
2026-02-20 13:54:36,973 [INFO]   [lr0.0001_ema0.95_img128_pw7] Epoch 9/10: Train=0.1210, Val=0.4135, IoU=0.0780
2026-02-20 13:54:39,754 [INFO]   [lr0.0001_ema0.95_img128_pw7] Epoch 10/10: Train=0.1059, Val=0.4054, IoU=0.0709
2026-02-20 13:54:40,000 [INFO]   [lr0.0001_ema0.95_img128_pw7] Best IoU: 0.1217 | Time: 27.8s | Saved: guided_box_ijmond/grid_search/lr0.0001_ema0.95_img128_pw7.pth
2026-02-20 13:54:40,008 [INFO] 
======================================================================
2026-02-20 13:54:40,008 [INFO] [28/108]
2026-02-20 13:54:40,008 [INFO] ======================================================================
2026-02-20 13:54:40,008 [INFO] Starting run: lr0.0001_ema0.95_img128_pw9
2026-02-20 13:54:43,463 [INFO]   [lr0.0001_ema0.95_img128_pw9] Epoch 1/10: Train=0.4052, Val=0.5638, IoU=0.0000
2026-02-20 13:54:46,028 [INFO]   [lr0.0001_ema0.95_img128_pw9] Epoch 2/10: Train=0.1660, Val=0.4915, IoU=0.0000
2026-02-20 13:54:48,599 [INFO]   [lr0.0001_ema0.95_img128_pw9] Epoch 3/10: Train=0.1447, Val=0.4341, IoU=0.0000
2026-02-20 13:54:51,203 [INFO]   [lr0.0001_ema0.95_img128_pw9] Epoch 4/10: Train=0.1280, Val=0.4420, IoU=0.0350
2026-02-20 13:54:53,818 [INFO]   [lr0.0001_ema0.95_img128_pw9] Epoch 5/10: Train=0.1111, Val=0.6274, IoU=0.0446
2026-02-20 13:54:56,502 [INFO]   [lr0.0001_ema0.95_img128_pw9] Epoch 6/10: Train=0.1281, Val=0.5085, IoU=0.0706
2026-02-20 13:54:59,212 [INFO]   [lr0.0001_ema0.95_img128_pw9] Epoch 7/10: Train=0.1616, Val=0.4010, IoU=0.1082
2026-02-20 13:55:01,924 [INFO]   [lr0.0001_ema0.95_img128_pw9] Epoch 8/10: Train=0.1199, Val=0.4347, IoU=0.0872
2026-02-20 13:55:04,663 [INFO]   [lr0.0001_ema0.95_img128_pw9] Epoch 9/10: Train=0.1166, Val=0.4679, IoU=0.0831
2026-02-20 13:55:07,415 [INFO]   [lr0.0001_ema0.95_img128_pw9] Epoch 10/10: Train=0.1085, Val=0.4899, IoU=0.0834
2026-02-20 13:55:07,688 [INFO]   [lr0.0001_ema0.95_img128_pw9] Best IoU: 0.1082 | Time: 27.4s | Saved: guided_box_ijmond/grid_search/lr0.0001_ema0.95_img128_pw9.pth
2026-02-20 13:55:07,696 [INFO] 
======================================================================
2026-02-20 13:55:07,697 [INFO] [29/108]
2026-02-20 13:55:07,697 [INFO] ======================================================================
2026-02-20 13:55:07,697 [INFO] Starting run: lr0.0001_ema0.95_img256_pw3
2026-02-20 13:55:11,449 [INFO]   [lr0.0001_ema0.95_img256_pw3] Epoch 1/10: Train=0.5888, Val=0.2390, IoU=0.0000
2026-02-20 13:55:14,365 [INFO]   [lr0.0001_ema0.95_img256_pw3] Epoch 2/10: Train=0.0775, Val=0.2044, IoU=0.0000
2026-02-20 13:55:17,281 [INFO]   [lr0.0001_ema0.95_img256_pw3] Epoch 3/10: Train=0.0657, Val=0.1862, IoU=0.0000
2026-02-20 13:55:20,192 [INFO]   [lr0.0001_ema0.95_img256_pw3] Epoch 4/10: Train=0.0601, Val=0.1911, IoU=0.0000
2026-02-20 13:55:23,088 [INFO]   [lr0.0001_ema0.95_img256_pw3] Epoch 5/10: Train=0.0471, Val=0.1880, IoU=0.0030
2026-02-20 13:55:26,091 [INFO]   [lr0.0001_ema0.95_img256_pw3] Epoch 6/10: Train=0.0661, Val=0.2247, IoU=0.0903
2026-02-20 13:55:29,221 [INFO]   [lr0.0001_ema0.95_img256_pw3] Epoch 7/10: Train=0.1024, Val=0.3133, IoU=0.0717
2026-02-20 13:55:32,343 [INFO]   [lr0.0001_ema0.95_img256_pw3] Epoch 8/10: Train=0.0925, Val=0.2712, IoU=0.0756
2026-02-20 13:55:35,465 [INFO]   [lr0.0001_ema0.95_img256_pw3] Epoch 9/10: Train=0.0936, Val=0.2679, IoU=0.0849
2026-02-20 13:55:38,583 [INFO]   [lr0.0001_ema0.95_img256_pw3] Epoch 10/10: Train=0.0849, Val=0.2743, IoU=0.0867
2026-02-20 13:55:38,857 [INFO]   [lr0.0001_ema0.95_img256_pw3] Best IoU: 0.0903 | Time: 30.9s | Saved: guided_box_ijmond/grid_search/lr0.0001_ema0.95_img256_pw3.pth
2026-02-20 13:55:38,865 [INFO] 
======================================================================
2026-02-20 13:55:38,865 [INFO] [30/108]
2026-02-20 13:55:38,865 [INFO] ======================================================================
2026-02-20 13:55:38,865 [INFO] Starting run: lr0.0001_ema0.95_img256_pw5
2026-02-20 13:55:42,688 [INFO]   [lr0.0001_ema0.95_img256_pw5] Epoch 1/10: Train=0.8609, Val=0.5968, IoU=0.0000
2026-02-20 13:55:45,636 [INFO]   [lr0.0001_ema0.95_img256_pw5] Epoch 2/10: Train=0.1423, Val=0.3116, IoU=0.0000
2026-02-20 13:55:48,560 [INFO]   [lr0.0001_ema0.95_img256_pw5] Epoch 3/10: Train=0.1006, Val=0.2742, IoU=0.0000
2026-02-20 13:55:51,481 [INFO]   [lr0.0001_ema0.95_img256_pw5] Epoch 4/10: Train=0.0844, Val=0.2518, IoU=0.0000
2026-02-20 13:55:54,415 [INFO]   [lr0.0001_ema0.95_img256_pw5] Epoch 5/10: Train=0.0751, Val=0.2662, IoU=0.0000
2026-02-20 13:55:57,423 [INFO]   [lr0.0001_ema0.95_img256_pw5] Epoch 6/10: Train=0.0825, Val=0.2840, IoU=0.0973
2026-02-20 13:56:00,421 [INFO]   [lr0.0001_ema0.95_img256_pw5] Epoch 7/10: Train=0.1625, Val=0.3175, IoU=0.1137
2026-02-20 13:56:03,420 [INFO]   [lr0.0001_ema0.95_img256_pw5] Epoch 8/10: Train=0.0948, Val=0.3085, IoU=0.1223
2026-02-20 13:56:06,457 [INFO]   [lr0.0001_ema0.95_img256_pw5] Epoch 9/10: Train=0.0900, Val=0.2782, IoU=0.1063
2026-02-20 13:56:09,521 [INFO]   [lr0.0001_ema0.95_img256_pw5] Epoch 10/10: Train=0.0979, Val=0.3110, IoU=0.0885
2026-02-20 13:56:09,793 [INFO]   [lr0.0001_ema0.95_img256_pw5] Best IoU: 0.1223 | Time: 30.7s | Saved: guided_box_ijmond/grid_search/lr0.0001_ema0.95_img256_pw5.pth
2026-02-20 13:56:09,802 [INFO] 
======================================================================
2026-02-20 13:56:09,802 [INFO] [31/108]
2026-02-20 13:56:09,802 [INFO] ======================================================================
2026-02-20 13:56:09,802 [INFO] Starting run: lr0.0001_ema0.95_img256_pw7
2026-02-20 13:56:13,589 [INFO]   [lr0.0001_ema0.95_img256_pw7] Epoch 1/10: Train=0.5265, Val=0.4071, IoU=0.0000
2026-02-20 13:56:16,501 [INFO]   [lr0.0001_ema0.95_img256_pw7] Epoch 2/10: Train=0.1324, Val=0.3550, IoU=0.0000
2026-02-20 13:56:19,417 [INFO]   [lr0.0001_ema0.95_img256_pw7] Epoch 3/10: Train=0.1093, Val=0.3217, IoU=0.0209
2026-02-20 13:56:22,429 [INFO]   [lr0.0001_ema0.95_img256_pw7] Epoch 4/10: Train=0.1025, Val=0.3272, IoU=0.1042
2026-02-20 13:56:25,508 [INFO]   [lr0.0001_ema0.95_img256_pw7] Epoch 5/10: Train=0.1223, Val=0.3769, IoU=0.0856
2026-02-20 13:56:28,604 [INFO]   [lr0.0001_ema0.95_img256_pw7] Epoch 6/10: Train=0.1072, Val=0.3867, IoU=0.0938
2026-02-20 13:56:31,710 [INFO]   [lr0.0001_ema0.95_img256_pw7] Epoch 7/10: Train=0.0965, Val=0.3800, IoU=0.0954
2026-02-20 13:56:34,816 [INFO]   [lr0.0001_ema0.95_img256_pw7] Epoch 8/10: Train=0.0956, Val=0.4064, IoU=0.0840
2026-02-20 13:56:37,937 [INFO]   [lr0.0001_ema0.95_img256_pw7] Epoch 9/10: Train=0.0960, Val=0.3743, IoU=0.0967
2026-02-20 13:56:41,050 [INFO]   [lr0.0001_ema0.95_img256_pw7] Epoch 10/10: Train=0.0898, Val=0.4019, IoU=0.0947
2026-02-20 13:56:41,315 [INFO]   [lr0.0001_ema0.95_img256_pw7] Best IoU: 0.1042 | Time: 31.2s | Saved: guided_box_ijmond/grid_search/lr0.0001_ema0.95_img256_pw7.pth
2026-02-20 13:56:41,324 [INFO] 
======================================================================
2026-02-20 13:56:41,324 [INFO] [32/108]
2026-02-20 13:56:41,324 [INFO] ======================================================================
2026-02-20 13:56:41,324 [INFO] Starting run: lr0.0001_ema0.95_img256_pw9
2026-02-20 13:56:45,051 [INFO]   [lr0.0001_ema0.95_img256_pw9] Epoch 1/10: Train=0.6062, Val=0.4865, IoU=0.0000
2026-02-20 13:56:47,956 [INFO]   [lr0.0001_ema0.95_img256_pw9] Epoch 2/10: Train=0.1637, Val=0.4218, IoU=0.0000
2026-02-20 13:56:50,917 [INFO]   [lr0.0001_ema0.95_img256_pw9] Epoch 3/10: Train=0.1335, Val=0.4104, IoU=0.0000
2026-02-20 13:56:53,926 [INFO]   [lr0.0001_ema0.95_img256_pw9] Epoch 4/10: Train=0.1187, Val=0.4550, IoU=0.1056
2026-02-20 13:56:57,039 [INFO]   [lr0.0001_ema0.95_img256_pw9] Epoch 5/10: Train=0.1251, Val=0.4344, IoU=0.0817
2026-02-20 13:57:00,169 [INFO]   [lr0.0001_ema0.95_img256_pw9] Epoch 6/10: Train=0.1171, Val=0.4382, IoU=0.0837
2026-02-20 13:57:03,294 [INFO]   [lr0.0001_ema0.95_img256_pw9] Epoch 7/10: Train=0.1031, Val=0.4495, IoU=0.0837
2026-02-20 13:57:06,428 [INFO]   [lr0.0001_ema0.95_img256_pw9] Epoch 8/10: Train=0.1010, Val=0.4299, IoU=0.0919
2026-02-20 13:57:09,558 [INFO]   [lr0.0001_ema0.95_img256_pw9] Epoch 9/10: Train=0.1007, Val=0.4746, IoU=0.0837
2026-02-20 13:57:12,696 [INFO]   [lr0.0001_ema0.95_img256_pw9] Epoch 10/10: Train=0.0996, Val=0.4970, IoU=0.1062
2026-02-20 13:57:12,974 [INFO]   [lr0.0001_ema0.95_img256_pw9] Best IoU: 0.1062 | Time: 31.4s | Saved: guided_box_ijmond/grid_search/lr0.0001_ema0.95_img256_pw9.pth
2026-02-20 13:57:12,983 [INFO] 
======================================================================
2026-02-20 13:57:12,983 [INFO] [33/108]
2026-02-20 13:57:12,983 [INFO] ======================================================================
2026-02-20 13:57:12,983 [INFO] Starting run: lr0.0001_ema0.95_img512_pw3
2026-02-20 13:57:19,708 [INFO]   [lr0.0001_ema0.95_img512_pw3] Epoch 1/10: Train=0.8202, Val=0.2373, IoU=0.0000
2026-02-20 13:57:25,577 [INFO]   [lr0.0001_ema0.95_img512_pw3] Epoch 2/10: Train=0.0748, Val=0.1830, IoU=0.0000
2026-02-20 13:57:31,417 [INFO]   [lr0.0001_ema0.95_img512_pw3] Epoch 3/10: Train=0.0600, Val=0.1669, IoU=0.0000
2026-02-20 13:57:37,335 [INFO]   [lr0.0001_ema0.95_img512_pw3] Epoch 4/10: Train=0.0702, Val=0.1672, IoU=0.1600
2026-02-20 13:57:43,346 [INFO]   [lr0.0001_ema0.95_img512_pw3] Epoch 5/10: Train=0.0987, Val=0.2130, IoU=0.1200
2026-02-20 13:57:49,436 [INFO]   [lr0.0001_ema0.95_img512_pw3] Epoch 6/10: Train=0.1062, Val=0.2507, IoU=0.0958
2026-02-20 13:57:55,512 [INFO]   [lr0.0001_ema0.95_img512_pw3] Epoch 7/10: Train=0.1085, Val=0.2286, IoU=0.0943
2026-02-20 13:58:01,615 [INFO]   [lr0.0001_ema0.95_img512_pw3] Epoch 8/10: Train=0.0984, Val=0.2511, IoU=0.0931
2026-02-20 13:58:07,718 [INFO]   [lr0.0001_ema0.95_img512_pw3] Epoch 9/10: Train=0.1144, Val=0.2895, IoU=0.0619
2026-02-20 13:58:13,819 [INFO]   [lr0.0001_ema0.95_img512_pw3] Epoch 10/10: Train=0.1026, Val=0.2757, IoU=0.0868
2026-02-20 13:58:14,090 [INFO]   [lr0.0001_ema0.95_img512_pw3] Best IoU: 0.1600 | Time: 60.8s | Saved: guided_box_ijmond/grid_search/lr0.0001_ema0.95_img512_pw3.pth
2026-02-20 13:58:14,099 [INFO] 
======================================================================
2026-02-20 13:58:14,099 [INFO] [34/108]
2026-02-20 13:58:14,099 [INFO] ======================================================================
2026-02-20 13:58:14,099 [INFO] Starting run: lr0.0001_ema0.95_img512_pw5
2026-02-20 13:58:20,831 [INFO]   [lr0.0001_ema0.95_img512_pw5] Epoch 1/10: Train=0.8008, Val=0.2957, IoU=0.0000
2026-02-20 13:58:26,683 [INFO]   [lr0.0001_ema0.95_img512_pw5] Epoch 2/10: Train=0.0990, Val=0.2498, IoU=0.0000
2026-02-20 13:58:32,561 [INFO]   [lr0.0001_ema0.95_img512_pw5] Epoch 3/10: Train=0.0827, Val=0.2260, IoU=0.0349
2026-02-20 13:58:38,583 [INFO]   [lr0.0001_ema0.95_img512_pw5] Epoch 4/10: Train=0.0990, Val=0.3358, IoU=0.0957
2026-02-20 13:58:44,689 [INFO]   [lr0.0001_ema0.95_img512_pw5] Epoch 5/10: Train=0.0987, Val=0.3198, IoU=0.0995
2026-02-20 13:58:50,798 [INFO]   [lr0.0001_ema0.95_img512_pw5] Epoch 6/10: Train=0.1243, Val=0.5043, IoU=0.0362
2026-02-20 13:58:56,918 [INFO]   [lr0.0001_ema0.95_img512_pw5] Epoch 7/10: Train=0.1404, Val=0.2969, IoU=0.0882
2026-02-20 13:59:03,046 [INFO]   [lr0.0001_ema0.95_img512_pw5] Epoch 8/10: Train=0.1071, Val=0.3317, IoU=0.0762
2026-02-20 13:59:09,130 [INFO]   [lr0.0001_ema0.95_img512_pw5] Epoch 9/10: Train=0.0933, Val=0.3462, IoU=0.0830
2026-02-20 13:59:15,222 [INFO]   [lr0.0001_ema0.95_img512_pw5] Epoch 10/10: Train=0.0868, Val=0.3829, IoU=0.0804
2026-02-20 13:59:15,493 [INFO]   [lr0.0001_ema0.95_img512_pw5] Best IoU: 0.0995 | Time: 61.1s | Saved: guided_box_ijmond/grid_search/lr0.0001_ema0.95_img512_pw5.pth
2026-02-20 13:59:15,503 [INFO] 
======================================================================
2026-02-20 13:59:15,503 [INFO] [35/108]
2026-02-20 13:59:15,503 [INFO] ======================================================================
2026-02-20 13:59:15,503 [INFO] Starting run: lr0.0001_ema0.95_img512_pw7
2026-02-20 13:59:22,409 [INFO]   [lr0.0001_ema0.95_img512_pw7] Epoch 1/10: Train=0.5386, Val=0.3999, IoU=0.0000
2026-02-20 13:59:28,242 [INFO]   [lr0.0001_ema0.95_img512_pw7] Epoch 2/10: Train=0.1300, Val=0.3217, IoU=0.0000
2026-02-20 13:59:34,125 [INFO]   [lr0.0001_ema0.95_img512_pw7] Epoch 3/10: Train=0.1141, Val=0.3437, IoU=0.0557
2026-02-20 13:59:40,167 [INFO]   [lr0.0001_ema0.95_img512_pw7] Epoch 4/10: Train=0.1345, Val=0.3462, IoU=0.0935
2026-02-20 13:59:46,244 [INFO]   [lr0.0001_ema0.95_img512_pw7] Epoch 5/10: Train=0.1279, Val=0.3901, IoU=0.1044
2026-02-20 13:59:52,350 [INFO]   [lr0.0001_ema0.95_img512_pw7] Epoch 6/10: Train=0.1126, Val=0.3671, IoU=0.0995
2026-02-20 13:59:58,467 [INFO]   [lr0.0001_ema0.95_img512_pw7] Epoch 7/10: Train=0.0993, Val=0.4416, IoU=0.0838
2026-02-20 14:00:04,559 [INFO]   [lr0.0001_ema0.95_img512_pw7] Epoch 8/10: Train=0.1480, Val=0.3413, IoU=0.1015
2026-02-20 14:00:10,665 [INFO]   [lr0.0001_ema0.95_img512_pw7] Epoch 9/10: Train=0.1108, Val=0.3503, IoU=0.1028
2026-02-20 14:00:16,777 [INFO]   [lr0.0001_ema0.95_img512_pw7] Epoch 10/10: Train=0.1071, Val=0.3813, IoU=0.0940
2026-02-20 14:00:17,051 [INFO]   [lr0.0001_ema0.95_img512_pw7] Best IoU: 0.1044 | Time: 61.3s | Saved: guided_box_ijmond/grid_search/lr0.0001_ema0.95_img512_pw7.pth
2026-02-20 14:00:17,060 [INFO] 
======================================================================
2026-02-20 14:00:17,060 [INFO] [36/108]
2026-02-20 14:00:17,060 [INFO] ======================================================================
2026-02-20 14:00:17,060 [INFO] Starting run: lr0.0001_ema0.95_img512_pw9
2026-02-20 14:00:23,769 [INFO]   [lr0.0001_ema0.95_img512_pw9] Epoch 1/10: Train=0.7171, Val=0.4577, IoU=0.0000
2026-02-20 14:00:29,616 [INFO]   [lr0.0001_ema0.95_img512_pw9] Epoch 2/10: Train=0.1498, Val=0.3807, IoU=0.0000
2026-02-20 14:00:35,593 [INFO]   [lr0.0001_ema0.95_img512_pw9] Epoch 3/10: Train=0.1329, Val=0.4075, IoU=0.0989
2026-02-20 14:00:41,672 [INFO]   [lr0.0001_ema0.95_img512_pw9] Epoch 4/10: Train=0.1280, Val=0.4113, IoU=0.1023
2026-02-20 14:00:47,790 [INFO]   [lr0.0001_ema0.95_img512_pw9] Epoch 5/10: Train=0.1590, Val=0.4559, IoU=0.1009
2026-02-20 14:00:53,912 [INFO]   [lr0.0001_ema0.95_img512_pw9] Epoch 6/10: Train=0.1475, Val=0.4053, IoU=0.0923
2026-02-20 14:01:00,033 [INFO]   [lr0.0001_ema0.95_img512_pw9] Epoch 7/10: Train=0.1227, Val=0.4549, IoU=0.0858
2026-02-20 14:01:06,138 [INFO]   [lr0.0001_ema0.95_img512_pw9] Epoch 8/10: Train=0.1075, Val=0.4559, IoU=0.0956
2026-02-20 14:01:12,263 [INFO]   [lr0.0001_ema0.95_img512_pw9] Epoch 9/10: Train=0.1023, Val=0.6508, IoU=0.1497
2026-02-20 14:01:18,388 [INFO]   [lr0.0001_ema0.95_img512_pw9] Epoch 10/10: Train=0.1837, Val=0.4536, IoU=0.1149
2026-02-20 14:01:18,664 [INFO]   [lr0.0001_ema0.95_img512_pw9] Best IoU: 0.1497 | Time: 61.3s | Saved: guided_box_ijmond/grid_search/lr0.0001_ema0.95_img512_pw9.pth
2026-02-20 14:01:18,673 [INFO] 
======================================================================
2026-02-20 14:01:18,673 [INFO] [37/108]
2026-02-20 14:01:18,673 [INFO] ======================================================================
2026-02-20 14:01:18,673 [INFO] Starting run: lr0.0002_ema0.85_img128_pw3
2026-02-20 14:01:22,101 [INFO]   [lr0.0002_ema0.85_img128_pw3] Epoch 1/10: Train=0.5764, Val=0.2510, IoU=0.0000
2026-02-20 14:01:24,672 [INFO]   [lr0.0002_ema0.85_img128_pw3] Epoch 2/10: Train=0.0837, Val=0.2282, IoU=0.0000
2026-02-20 14:01:27,238 [INFO]   [lr0.0002_ema0.85_img128_pw3] Epoch 3/10: Train=0.0715, Val=0.2359, IoU=0.0000
2026-02-20 14:01:29,795 [INFO]   [lr0.0002_ema0.85_img128_pw3] Epoch 4/10: Train=0.0636, Val=0.2177, IoU=0.0000
2026-02-20 14:01:32,383 [INFO]   [lr0.0002_ema0.85_img128_pw3] Epoch 5/10: Train=0.0601, Val=0.2213, IoU=0.0000
2026-02-20 14:01:34,964 [INFO]   [lr0.0002_ema0.85_img128_pw3] Epoch 6/10: Train=0.0567, Val=0.2087, IoU=0.0481
2026-02-20 14:01:37,572 [INFO]   [lr0.0002_ema0.85_img128_pw3] Epoch 7/10: Train=0.0621, Val=0.2121, IoU=0.1060
2026-02-20 14:01:40,237 [INFO]   [lr0.0002_ema0.85_img128_pw3] Epoch 8/10: Train=0.0720, Val=0.2502, IoU=0.0915
2026-02-20 14:01:42,970 [INFO]   [lr0.0002_ema0.85_img128_pw3] Epoch 9/10: Train=0.1038, Val=0.3044, IoU=0.0506
2026-02-20 14:01:45,733 [INFO]   [lr0.0002_ema0.85_img128_pw3] Epoch 10/10: Train=0.1021, Val=0.2665, IoU=0.0763
2026-02-20 14:01:45,998 [INFO]   [lr0.0002_ema0.85_img128_pw3] Best IoU: 0.1060 | Time: 27.1s | Saved: guided_box_ijmond/grid_search/lr0.0002_ema0.85_img128_pw3.pth
2026-02-20 14:01:46,005 [INFO] 
======================================================================
2026-02-20 14:01:46,005 [INFO] [38/108]
2026-02-20 14:01:46,005 [INFO] ======================================================================
2026-02-20 14:01:46,005 [INFO] Starting run: lr0.0002_ema0.85_img128_pw5
2026-02-20 14:01:49,476 [INFO]   [lr0.0002_ema0.85_img128_pw5] Epoch 1/10: Train=1.0566, Val=0.3764, IoU=0.0000
2026-02-20 14:01:52,062 [INFO]   [lr0.0002_ema0.85_img128_pw5] Epoch 2/10: Train=0.1215, Val=0.3304, IoU=0.0000
2026-02-20 14:01:54,620 [INFO]   [lr0.0002_ema0.85_img128_pw5] Epoch 3/10: Train=0.0997, Val=0.3433, IoU=0.0000
2026-02-20 14:01:57,199 [INFO]   [lr0.0002_ema0.85_img128_pw5] Epoch 4/10: Train=0.0861, Val=0.3248, IoU=0.0000
2026-02-20 14:01:59,786 [INFO]   [lr0.0002_ema0.85_img128_pw5] Epoch 5/10: Train=0.0786, Val=0.3058, IoU=0.0056
2026-02-20 14:02:02,428 [INFO]   [lr0.0002_ema0.85_img128_pw5] Epoch 6/10: Train=0.0929, Val=0.3087, IoU=0.0731
2026-02-20 14:02:05,166 [INFO]   [lr0.0002_ema0.85_img128_pw5] Epoch 7/10: Train=0.1193, Val=0.3522, IoU=0.0653
2026-02-20 14:02:07,922 [INFO]   [lr0.0002_ema0.85_img128_pw5] Epoch 8/10: Train=0.1126, Val=0.3663, IoU=0.0610
2026-02-20 14:02:10,679 [INFO]   [lr0.0002_ema0.85_img128_pw5] Epoch 9/10: Train=0.1065, Val=0.3688, IoU=0.0697
2026-02-20 14:02:13,447 [INFO]   [lr0.0002_ema0.85_img128_pw5] Epoch 10/10: Train=0.1041, Val=0.3628, IoU=0.0730
2026-02-20 14:02:13,731 [INFO]   [lr0.0002_ema0.85_img128_pw5] Best IoU: 0.0731 | Time: 27.4s | Saved: guided_box_ijmond/grid_search/lr0.0002_ema0.85_img128_pw5.pth
2026-02-20 14:02:13,738 [INFO] 
======================================================================
2026-02-20 14:02:13,738 [INFO] [39/108]
2026-02-20 14:02:13,738 [INFO] ======================================================================
2026-02-20 14:02:13,738 [INFO] Starting run: lr0.0002_ema0.85_img128_pw7
2026-02-20 14:02:17,110 [INFO]   [lr0.0002_ema0.85_img128_pw7] Epoch 1/10: Train=1.3550, Val=0.4463, IoU=0.0000
2026-02-20 14:02:19,691 [INFO]   [lr0.0002_ema0.85_img128_pw7] Epoch 2/10: Train=0.1402, Val=0.4001, IoU=0.0000
2026-02-20 14:02:22,260 [INFO]   [lr0.0002_ema0.85_img128_pw7] Epoch 3/10: Train=0.1189, Val=0.4003, IoU=0.0000
2026-02-20 14:02:24,835 [INFO]   [lr0.0002_ema0.85_img128_pw7] Epoch 4/10: Train=0.1069, Val=0.3901, IoU=0.0116
2026-02-20 14:02:27,445 [INFO]   [lr0.0002_ema0.85_img128_pw7] Epoch 5/10: Train=0.1020, Val=0.4224, IoU=0.0455
2026-02-20 14:02:30,142 [INFO]   [lr0.0002_ema0.85_img128_pw7] Epoch 6/10: Train=0.1208, Val=0.4382, IoU=0.0481
2026-02-20 14:02:32,895 [INFO]   [lr0.0002_ema0.85_img128_pw7] Epoch 7/10: Train=0.1284, Val=0.4735, IoU=0.0579
2026-02-20 14:02:35,647 [INFO]   [lr0.0002_ema0.85_img128_pw7] Epoch 8/10: Train=0.1175, Val=0.4422, IoU=0.0685
2026-02-20 14:02:38,402 [INFO]   [lr0.0002_ema0.85_img128_pw7] Epoch 9/10: Train=0.1128, Val=0.4859, IoU=0.0655
2026-02-20 14:02:41,162 [INFO]   [lr0.0002_ema0.85_img128_pw7] Epoch 10/10: Train=0.1072, Val=0.5112, IoU=0.0599
2026-02-20 14:02:41,435 [INFO]   [lr0.0002_ema0.85_img128_pw7] Best IoU: 0.0685 | Time: 27.4s | Saved: guided_box_ijmond/grid_search/lr0.0002_ema0.85_img128_pw7.pth
2026-02-20 14:02:41,442 [INFO] 
======================================================================
2026-02-20 14:02:41,442 [INFO] [40/108]
2026-02-20 14:02:41,442 [INFO] ======================================================================
2026-02-20 14:02:41,442 [INFO] Starting run: lr0.0002_ema0.85_img128_pw9
2026-02-20 14:02:44,822 [INFO]   [lr0.0002_ema0.85_img128_pw9] Epoch 1/10: Train=1.1409, Val=0.4865, IoU=0.0000
2026-02-20 14:02:47,406 [INFO]   [lr0.0002_ema0.85_img128_pw9] Epoch 2/10: Train=0.1645, Val=0.4372, IoU=0.0000
2026-02-20 14:02:49,991 [INFO]   [lr0.0002_ema0.85_img128_pw9] Epoch 3/10: Train=0.1378, Val=0.4074, IoU=0.0633
2026-02-20 14:02:52,640 [INFO]   [lr0.0002_ema0.85_img128_pw9] Epoch 4/10: Train=0.1266, Val=0.4561, IoU=0.0641
2026-02-20 14:02:55,388 [INFO]   [lr0.0002_ema0.85_img128_pw9] Epoch 5/10: Train=0.1430, Val=0.4448, IoU=0.0758
2026-02-20 14:02:57,992 [INFO]   [lr0.0002_ema0.85_img128_pw9] Epoch 6/10: Train=0.4020, Val=0.6399, IoU=0.0334
2026-02-20 14:03:00,626 [INFO]   [lr0.0002_ema0.85_img128_pw9] Epoch 7/10: Train=0.1683, Val=0.4354, IoU=0.0614
2026-02-20 14:03:03,322 [INFO]   [lr0.0002_ema0.85_img128_pw9] Epoch 8/10: Train=0.1547, Val=0.4479, IoU=0.0767
2026-02-20 14:03:06,053 [INFO]   [lr0.0002_ema0.85_img128_pw9] Epoch 9/10: Train=0.1458, Val=0.4644, IoU=0.0736
2026-02-20 14:03:08,814 [INFO]   [lr0.0002_ema0.85_img128_pw9] Epoch 10/10: Train=0.1466, Val=0.4466, IoU=0.0771
2026-02-20 14:03:09,070 [INFO]   [lr0.0002_ema0.85_img128_pw9] Best IoU: 0.0771 | Time: 27.4s | Saved: guided_box_ijmond/grid_search/lr0.0002_ema0.85_img128_pw9.pth
2026-02-20 14:03:09,080 [INFO] 
======================================================================
2026-02-20 14:03:09,080 [INFO] [41/108]
2026-02-20 14:03:09,080 [INFO] ======================================================================
2026-02-20 14:03:09,080 [INFO] Starting run: lr0.0002_ema0.85_img256_pw3
2026-02-20 14:03:12,828 [INFO]   [lr0.0002_ema0.85_img256_pw3] Epoch 1/10: Train=3.0237, Val=0.2475, IoU=0.0000
2026-02-20 14:03:15,775 [INFO]   [lr0.0002_ema0.85_img256_pw3] Epoch 2/10: Train=0.0844, Val=0.2247, IoU=0.0000
2026-02-20 14:03:18,723 [INFO]   [lr0.0002_ema0.85_img256_pw3] Epoch 3/10: Train=0.0757, Val=0.2131, IoU=0.0000
2026-02-20 14:03:21,677 [INFO]   [lr0.0002_ema0.85_img256_pw3] Epoch 4/10: Train=0.0678, Val=0.1986, IoU=0.0000
2026-02-20 14:03:24,615 [INFO]   [lr0.0002_ema0.85_img256_pw3] Epoch 5/10: Train=0.0610, Val=0.1900, IoU=0.0000
2026-02-20 14:03:27,589 [INFO]   [lr0.0002_ema0.85_img256_pw3] Epoch 6/10: Train=0.0672, Val=0.1969, IoU=0.0833
2026-02-20 14:03:30,678 [INFO]   [lr0.0002_ema0.85_img256_pw3] Epoch 7/10: Train=0.0853, Val=0.2722, IoU=0.0525
2026-02-20 14:03:33,807 [INFO]   [lr0.0002_ema0.85_img256_pw3] Epoch 8/10: Train=0.1035, Val=0.2991, IoU=0.0580
2026-02-20 14:03:36,941 [INFO]   [lr0.0002_ema0.85_img256_pw3] Epoch 9/10: Train=0.0985, Val=0.2730, IoU=0.0663
2026-02-20 14:03:40,083 [INFO]   [lr0.0002_ema0.85_img256_pw3] Epoch 10/10: Train=0.0899, Val=0.2852, IoU=0.0647
2026-02-20 14:03:40,337 [INFO]   [lr0.0002_ema0.85_img256_pw3] Best IoU: 0.0833 | Time: 31.0s | Saved: guided_box_ijmond/grid_search/lr0.0002_ema0.85_img256_pw3.pth
2026-02-20 14:03:40,347 [INFO] 
======================================================================
2026-02-20 14:03:40,347 [INFO] [42/108]
2026-02-20 14:03:40,347 [INFO] ======================================================================
2026-02-20 14:03:40,347 [INFO] Starting run: lr0.0002_ema0.85_img256_pw5
2026-02-20 14:03:44,125 [INFO]   [lr0.0002_ema0.85_img256_pw5] Epoch 1/10: Train=1.5236, Val=0.3476, IoU=0.0000
2026-02-20 14:03:47,056 [INFO]   [lr0.0002_ema0.85_img256_pw5] Epoch 2/10: Train=0.1164, Val=0.3003, IoU=0.0000
2026-02-20 14:03:50,021 [INFO]   [lr0.0002_ema0.85_img256_pw5] Epoch 3/10: Train=0.1010, Val=0.2750, IoU=0.0000
2026-02-20 14:03:52,985 [INFO]   [lr0.0002_ema0.85_img256_pw5] Epoch 4/10: Train=0.0906, Val=0.2557, IoU=0.0093
2026-02-20 14:03:56,028 [INFO]   [lr0.0002_ema0.85_img256_pw5] Epoch 5/10: Train=0.1023, Val=0.2921, IoU=0.1038
2026-02-20 14:03:59,159 [INFO]   [lr0.0002_ema0.85_img256_pw5] Epoch 6/10: Train=0.1147, Val=0.3494, IoU=0.0789
2026-02-20 14:04:02,303 [INFO]   [lr0.0002_ema0.85_img256_pw5] Epoch 7/10: Train=0.1142, Val=0.3689, IoU=0.0728
2026-02-20 14:04:05,419 [INFO]   [lr0.0002_ema0.85_img256_pw5] Epoch 8/10: Train=0.1012, Val=0.3521, IoU=0.0804
2026-02-20 14:04:08,533 [INFO]   [lr0.0002_ema0.85_img256_pw5] Epoch 9/10: Train=0.1106, Val=0.3479, IoU=0.0801
2026-02-20 14:04:11,664 [INFO]   [lr0.0002_ema0.85_img256_pw5] Epoch 10/10: Train=0.0933, Val=0.3365, IoU=0.0904
2026-02-20 14:04:11,920 [INFO]   [lr0.0002_ema0.85_img256_pw5] Best IoU: 0.1038 | Time: 31.3s | Saved: guided_box_ijmond/grid_search/lr0.0002_ema0.85_img256_pw5.pth
2026-02-20 14:04:11,929 [INFO] 
======================================================================
2026-02-20 14:04:11,930 [INFO] [43/108]
2026-02-20 14:04:11,930 [INFO] ======================================================================
2026-02-20 14:04:11,930 [INFO] Starting run: lr0.0002_ema0.85_img256_pw7
2026-02-20 14:04:15,702 [INFO]   [lr0.0002_ema0.85_img256_pw7] Epoch 1/10: Train=2.3902, Val=0.4200, IoU=0.0000
2026-02-20 14:04:18,651 [INFO]   [lr0.0002_ema0.85_img256_pw7] Epoch 2/10: Train=0.1406, Val=0.3733, IoU=0.0000
2026-02-20 14:04:21,599 [INFO]   [lr0.0002_ema0.85_img256_pw7] Epoch 3/10: Train=0.1224, Val=0.3430, IoU=0.0000
2026-02-20 14:04:24,554 [INFO]   [lr0.0002_ema0.85_img256_pw7] Epoch 4/10: Train=0.1012, Val=0.3428, IoU=0.0000
2026-02-20 14:04:27,537 [INFO]   [lr0.0002_ema0.85_img256_pw7] Epoch 5/10: Train=0.1041, Val=0.3252, IoU=0.0770
2026-02-20 14:04:30,611 [INFO]   [lr0.0002_ema0.85_img256_pw7] Epoch 6/10: Train=0.1024, Val=0.4172, IoU=0.0695
2026-02-20 14:04:33,744 [INFO]   [lr0.0002_ema0.85_img256_pw7] Epoch 7/10: Train=0.1163, Val=0.4201, IoU=0.0838
2026-02-20 14:04:36,865 [INFO]   [lr0.0002_ema0.85_img256_pw7] Epoch 8/10: Train=0.1111, Val=0.3961, IoU=0.0800
2026-02-20 14:04:39,997 [INFO]   [lr0.0002_ema0.85_img256_pw7] Epoch 9/10: Train=0.1057, Val=0.4107, IoU=0.0780
2026-02-20 14:04:43,123 [INFO]   [lr0.0002_ema0.85_img256_pw7] Epoch 10/10: Train=0.0969, Val=0.4241, IoU=0.0866
2026-02-20 14:04:43,375 [INFO]   [lr0.0002_ema0.85_img256_pw7] Best IoU: 0.0866 | Time: 31.2s | Saved: guided_box_ijmond/grid_search/lr0.0002_ema0.85_img256_pw7.pth
2026-02-20 14:04:43,384 [INFO] 
======================================================================
2026-02-20 14:04:43,384 [INFO] [44/108]
2026-02-20 14:04:43,385 [INFO] ======================================================================
2026-02-20 14:04:43,385 [INFO] Starting run: lr0.0002_ema0.85_img256_pw9
2026-02-20 14:04:47,107 [INFO]   [lr0.0002_ema0.85_img256_pw9] Epoch 1/10: Train=2.2641, Val=0.7770, IoU=0.0313
2026-02-20 14:04:50,181 [INFO]   [lr0.0002_ema0.85_img256_pw9] Epoch 2/10: Train=0.2607, Val=0.4704, IoU=0.0000
2026-02-20 14:04:53,104 [INFO]   [lr0.0002_ema0.85_img256_pw9] Epoch 3/10: Train=0.1603, Val=0.4056, IoU=0.0000
2026-02-20 14:04:56,064 [INFO]   [lr0.0002_ema0.85_img256_pw9] Epoch 4/10: Train=0.1479, Val=0.3854, IoU=0.0944
2026-02-20 14:04:59,156 [INFO]   [lr0.0002_ema0.85_img256_pw9] Epoch 5/10: Train=0.1509, Val=0.3880, IoU=0.0959
2026-02-20 14:05:02,261 [INFO]   [lr0.0002_ema0.85_img256_pw9] Epoch 6/10: Train=0.1307, Val=0.4185, IoU=0.0847
2026-02-20 14:05:05,384 [INFO]   [lr0.0002_ema0.85_img256_pw9] Epoch 7/10: Train=0.1144, Val=0.4363, IoU=0.0932
2026-02-20 14:05:08,506 [INFO]   [lr0.0002_ema0.85_img256_pw9] Epoch 8/10: Train=0.1099, Val=0.4584, IoU=0.0784
2026-02-20 14:05:11,624 [INFO]   [lr0.0002_ema0.85_img256_pw9] Epoch 9/10: Train=0.1102, Val=0.4727, IoU=0.0905
2026-02-20 14:05:14,762 [INFO]   [lr0.0002_ema0.85_img256_pw9] Epoch 10/10: Train=0.1144, Val=0.4629, IoU=0.0989
2026-02-20 14:05:15,015 [INFO]   [lr0.0002_ema0.85_img256_pw9] Best IoU: 0.0989 | Time: 31.4s | Saved: guided_box_ijmond/grid_search/lr0.0002_ema0.85_img256_pw9.pth
2026-02-20 14:05:15,024 [INFO] 
======================================================================
2026-02-20 14:05:15,024 [INFO] [45/108]
2026-02-20 14:05:15,024 [INFO] ======================================================================
2026-02-20 14:05:15,024 [INFO] Starting run: lr0.0002_ema0.85_img512_pw3
2026-02-20 14:05:21,764 [INFO]   [lr0.0002_ema0.85_img512_pw3] Epoch 1/10: Train=3.9236, Val=0.2188, IoU=0.0000
2026-02-20 14:05:27,620 [INFO]   [lr0.0002_ema0.85_img512_pw3] Epoch 2/10: Train=0.0752, Val=0.1975, IoU=0.0000
2026-02-20 14:05:33,476 [INFO]   [lr0.0002_ema0.85_img512_pw3] Epoch 3/10: Train=0.0657, Val=0.1791, IoU=0.0000
2026-02-20 14:05:39,361 [INFO]   [lr0.0002_ema0.85_img512_pw3] Epoch 4/10: Train=0.0605, Val=0.1701, IoU=0.0000
2026-02-20 14:05:45,251 [INFO]   [lr0.0002_ema0.85_img512_pw3] Epoch 5/10: Train=0.0537, Val=0.1649, IoU=0.0000
2026-02-20 14:05:51,176 [INFO]   [lr0.0002_ema0.85_img512_pw3] Epoch 6/10: Train=0.0546, Val=0.1633, IoU=0.0000
2026-02-20 14:05:57,152 [INFO]   [lr0.0002_ema0.85_img512_pw3] Epoch 7/10: Train=0.0616, Val=0.1650, IoU=0.0000
2026-02-20 14:06:03,151 [INFO]   [lr0.0002_ema0.85_img512_pw3] Epoch 8/10: Train=0.0639, Val=0.1710, IoU=0.1573
2026-02-20 14:06:09,256 [INFO]   [lr0.0002_ema0.85_img512_pw3] Epoch 9/10: Train=0.0869, Val=0.2820, IoU=0.0953
2026-02-20 14:06:15,631 [INFO]   [lr0.0002_ema0.85_img512_pw3] Epoch 10/10: Train=0.0819, Val=0.2443, IoU=0.1099
2026-02-20 14:06:15,887 [INFO]   [lr0.0002_ema0.85_img512_pw3] Best IoU: 0.1573 | Time: 60.6s | Saved: guided_box_ijmond/grid_search/lr0.0002_ema0.85_img512_pw3.pth
2026-02-20 14:06:15,897 [INFO] 
======================================================================
2026-02-20 14:06:15,897 [INFO] [46/108]
2026-02-20 14:06:15,897 [INFO] ======================================================================
2026-02-20 14:06:15,897 [INFO] Starting run: lr0.0002_ema0.85_img512_pw5
2026-02-20 14:06:22,584 [INFO]   [lr0.0002_ema0.85_img512_pw5] Epoch 1/10: Train=1.3285, Val=0.3051, IoU=0.0000
2026-02-20 14:06:28,417 [INFO]   [lr0.0002_ema0.85_img512_pw5] Epoch 2/10: Train=0.0996, Val=0.2548, IoU=0.0000
2026-02-20 14:06:34,278 [INFO]   [lr0.0002_ema0.85_img512_pw5] Epoch 3/10: Train=0.0876, Val=0.2350, IoU=0.0000
2026-02-20 14:06:40,174 [INFO]   [lr0.0002_ema0.85_img512_pw5] Epoch 4/10: Train=0.0829, Val=0.2273, IoU=0.0000
2026-02-20 14:06:46,159 [INFO]   [lr0.0002_ema0.85_img512_pw5] Epoch 5/10: Train=0.0985, Val=0.2677, IoU=0.1433
2026-02-20 14:06:52,252 [INFO]   [lr0.0002_ema0.85_img512_pw5] Epoch 6/10: Train=0.1085, Val=0.3058, IoU=0.1244
2026-02-20 14:06:58,335 [INFO]   [lr0.0002_ema0.85_img512_pw5] Epoch 7/10: Train=0.1023, Val=0.3397, IoU=0.0920
2026-02-20 14:07:04,423 [INFO]   [lr0.0002_ema0.85_img512_pw5] Epoch 8/10: Train=0.0945, Val=0.3569, IoU=0.0885
2026-02-20 14:07:10,519 [INFO]   [lr0.0002_ema0.85_img512_pw5] Epoch 9/10: Train=0.0878, Val=0.3908, IoU=0.0981
2026-02-20 14:07:16,607 [INFO]   [lr0.0002_ema0.85_img512_pw5] Epoch 10/10: Train=0.0844, Val=0.4032, IoU=0.0903
2026-02-20 14:07:16,867 [INFO]   [lr0.0002_ema0.85_img512_pw5] Best IoU: 0.1433 | Time: 60.7s | Saved: guided_box_ijmond/grid_search/lr0.0002_ema0.85_img512_pw5.pth
2026-02-20 14:07:16,876 [INFO] 
======================================================================
2026-02-20 14:07:16,876 [INFO] [47/108]
2026-02-20 14:07:16,876 [INFO] ======================================================================
2026-02-20 14:07:16,876 [INFO] Starting run: lr0.0002_ema0.85_img512_pw7
2026-02-20 14:07:23,687 [INFO]   [lr0.0002_ema0.85_img512_pw7] Epoch 1/10: Train=2.1077, Val=0.7077, IoU=0.0000
2026-02-20 14:07:29,732 [INFO]   [lr0.0002_ema0.85_img512_pw7] Epoch 2/10: Train=0.2562, Val=0.5550, IoU=0.0000
2026-02-20 14:07:35,612 [INFO]   [lr0.0002_ema0.85_img512_pw7] Epoch 3/10: Train=0.1630, Val=0.3866, IoU=0.0000
2026-02-20 14:07:41,469 [INFO]   [lr0.0002_ema0.85_img512_pw7] Epoch 4/10: Train=0.1359, Val=0.3690, IoU=0.0000
2026-02-20 14:07:47,315 [INFO]   [lr0.0002_ema0.85_img512_pw7] Epoch 5/10: Train=0.1260, Val=0.3433, IoU=0.0000
2026-02-20 14:07:53,219 [INFO]   [lr0.0002_ema0.85_img512_pw7] Epoch 6/10: Train=0.1234, Val=0.3248, IoU=0.0076
2026-02-20 14:07:59,199 [INFO]   [lr0.0002_ema0.85_img512_pw7] Epoch 7/10: Train=0.1247, Val=0.3314, IoU=0.0922
2026-02-20 14:08:05,270 [INFO]   [lr0.0002_ema0.85_img512_pw7] Epoch 8/10: Train=0.1725, Val=2.9380, IoU=0.0243
2026-02-20 14:08:11,331 [INFO]   [lr0.0002_ema0.85_img512_pw7] Epoch 9/10: Train=0.3209, Val=0.4686, IoU=0.0000
2026-02-20 14:08:17,347 [INFO]   [lr0.0002_ema0.85_img512_pw7] Epoch 10/10: Train=0.1891, Val=0.4125, IoU=0.0000
2026-02-20 14:08:17,609 [INFO]   [lr0.0002_ema0.85_img512_pw7] Best IoU: 0.0922 | Time: 60.5s | Saved: guided_box_ijmond/grid_search/lr0.0002_ema0.85_img512_pw7.pth
2026-02-20 14:08:17,618 [INFO] 
======================================================================
2026-02-20 14:08:17,618 [INFO] [48/108]
2026-02-20 14:08:17,618 [INFO] ======================================================================
2026-02-20 14:08:17,618 [INFO] Starting run: lr0.0002_ema0.85_img512_pw9
2026-02-20 14:08:24,301 [INFO]   [lr0.0002_ema0.85_img512_pw9] Epoch 1/10: Train=3.5289, Val=0.4540, IoU=0.0000
2026-02-20 14:08:30,167 [INFO]   [lr0.0002_ema0.85_img512_pw9] Epoch 2/10: Train=0.1597, Val=0.4170, IoU=0.0000
2026-02-20 14:08:36,048 [INFO]   [lr0.0002_ema0.85_img512_pw9] Epoch 3/10: Train=0.1408, Val=0.3723, IoU=0.0400
2026-02-20 14:08:42,050 [INFO]   [lr0.0002_ema0.85_img512_pw9] Epoch 4/10: Train=0.1410, Val=0.4148, IoU=0.0947
2026-02-20 14:08:48,151 [INFO]   [lr0.0002_ema0.85_img512_pw9] Epoch 5/10: Train=0.1258, Val=0.4448, IoU=0.0863
2026-02-20 14:08:54,248 [INFO]   [lr0.0002_ema0.85_img512_pw9] Epoch 6/10: Train=0.1206, Val=0.4266, IoU=0.0978
2026-02-20 14:09:00,309 [INFO]   [lr0.0002_ema0.85_img512_pw9] Epoch 7/10: Train=0.1028, Val=0.4890, IoU=0.0997
2026-02-20 14:09:06,392 [INFO]   [lr0.0002_ema0.85_img512_pw9] Epoch 8/10: Train=0.0925, Val=0.4959, IoU=0.0909
2026-02-20 14:09:12,459 [INFO]   [lr0.0002_ema0.85_img512_pw9] Epoch 9/10: Train=0.0878, Val=0.4786, IoU=0.0926
2026-02-20 14:09:18,572 [INFO]   [lr0.0002_ema0.85_img512_pw9] Epoch 10/10: Train=0.1523, Val=0.4506, IoU=0.0789
2026-02-20 14:09:18,836 [INFO]   [lr0.0002_ema0.85_img512_pw9] Best IoU: 0.0997 | Time: 61.0s | Saved: guided_box_ijmond/grid_search/lr0.0002_ema0.85_img512_pw9.pth
2026-02-20 14:09:18,846 [INFO] 
======================================================================
2026-02-20 14:09:18,846 [INFO] [49/108]
2026-02-20 14:09:18,846 [INFO] ======================================================================
2026-02-20 14:09:18,846 [INFO] Starting run: lr0.0002_ema0.9_img128_pw3
2026-02-20 14:09:22,217 [INFO]   [lr0.0002_ema0.9_img128_pw3] Epoch 1/10: Train=1.4869, Val=0.2515, IoU=0.0000
2026-02-20 14:09:24,804 [INFO]   [lr0.0002_ema0.9_img128_pw3] Epoch 2/10: Train=0.0869, Val=0.2267, IoU=0.0000
2026-02-20 14:09:27,385 [INFO]   [lr0.0002_ema0.9_img128_pw3] Epoch 3/10: Train=0.0775, Val=0.2255, IoU=0.0000
2026-02-20 14:09:29,976 [INFO]   [lr0.0002_ema0.9_img128_pw3] Epoch 4/10: Train=0.0677, Val=0.2359, IoU=0.0000
2026-02-20 14:09:32,574 [INFO]   [lr0.0002_ema0.9_img128_pw3] Epoch 5/10: Train=0.0638, Val=0.2332, IoU=0.0000
2026-02-20 14:09:35,176 [INFO]   [lr0.0002_ema0.9_img128_pw3] Epoch 6/10: Train=0.0583, Val=0.2200, IoU=0.0000
2026-02-20 14:09:37,757 [INFO]   [lr0.0002_ema0.9_img128_pw3] Epoch 7/10: Train=0.0586, Val=0.2052, IoU=0.0000
2026-02-20 14:09:40,356 [INFO]   [lr0.0002_ema0.9_img128_pw3] Epoch 8/10: Train=0.0539, Val=0.2100, IoU=0.0295
2026-02-20 14:09:42,962 [INFO]   [lr0.0002_ema0.9_img128_pw3] Epoch 9/10: Train=0.0552, Val=0.2052, IoU=0.0411
2026-02-20 14:09:45,589 [INFO]   [lr0.0002_ema0.9_img128_pw3] Epoch 10/10: Train=0.0601, Val=0.2287, IoU=0.0886
2026-02-20 14:09:45,845 [INFO]   [lr0.0002_ema0.9_img128_pw3] Best IoU: 0.0886 | Time: 26.7s | Saved: guided_box_ijmond/grid_search/lr0.0002_ema0.9_img128_pw3.pth
2026-02-20 14:09:45,852 [INFO] 
======================================================================
2026-02-20 14:09:45,852 [INFO] [50/108]
2026-02-20 14:09:45,852 [INFO] ======================================================================
2026-02-20 14:09:45,852 [INFO] Starting run: lr0.0002_ema0.9_img128_pw5
2026-02-20 14:09:49,224 [INFO]   [lr0.0002_ema0.9_img128_pw5] Epoch 1/10: Train=1.4231, Val=0.3544, IoU=0.0000
2026-02-20 14:09:51,805 [INFO]   [lr0.0002_ema0.9_img128_pw5] Epoch 2/10: Train=0.1194, Val=0.3333, IoU=0.0000
2026-02-20 14:09:54,407 [INFO]   [lr0.0002_ema0.9_img128_pw5] Epoch 3/10: Train=0.1013, Val=0.3240, IoU=0.0000
2026-02-20 14:09:57,001 [INFO]   [lr0.0002_ema0.9_img128_pw5] Epoch 4/10: Train=0.0953, Val=0.3264, IoU=0.0000
2026-02-20 14:09:59,600 [INFO]   [lr0.0002_ema0.9_img128_pw5] Epoch 5/10: Train=0.0826, Val=0.3321, IoU=0.0000
2026-02-20 14:10:02,180 [INFO]   [lr0.0002_ema0.9_img128_pw5] Epoch 6/10: Train=0.0792, Val=0.3467, IoU=0.0022
2026-02-20 14:10:04,776 [INFO]   [lr0.0002_ema0.9_img128_pw5] Epoch 7/10: Train=0.0790, Val=0.3260, IoU=0.0182
2026-02-20 14:10:07,434 [INFO]   [lr0.0002_ema0.9_img128_pw5] Epoch 8/10: Train=0.0836, Val=0.3205, IoU=0.0780
2026-02-20 14:10:10,176 [INFO]   [lr0.0002_ema0.9_img128_pw5] Epoch 9/10: Train=0.1181, Val=0.3412, IoU=0.0767
2026-02-20 14:10:12,942 [INFO]   [lr0.0002_ema0.9_img128_pw5] Epoch 10/10: Train=0.1268, Val=0.3377, IoU=0.0739
2026-02-20 14:10:13,199 [INFO]   [lr0.0002_ema0.9_img128_pw5] Best IoU: 0.0780 | Time: 27.1s | Saved: guided_box_ijmond/grid_search/lr0.0002_ema0.9_img128_pw5.pth
2026-02-20 14:10:13,206 [INFO] 
======================================================================
2026-02-20 14:10:13,207 [INFO] [51/108]
2026-02-20 14:10:13,207 [INFO] ======================================================================
2026-02-20 14:10:13,207 [INFO] Starting run: lr0.0002_ema0.9_img128_pw7
2026-02-20 14:10:16,594 [INFO]   [lr0.0002_ema0.9_img128_pw7] Epoch 1/10: Train=1.1016, Val=0.5017, IoU=0.0000
2026-02-20 14:10:19,250 [INFO]   [lr0.0002_ema0.9_img128_pw7] Epoch 2/10: Train=0.1579, Val=0.3991, IoU=0.0000
2026-02-20 14:10:21,895 [INFO]   [lr0.0002_ema0.9_img128_pw7] Epoch 3/10: Train=0.1271, Val=0.4176, IoU=0.0000
2026-02-20 14:10:24,538 [INFO]   [lr0.0002_ema0.9_img128_pw7] Epoch 4/10: Train=0.1102, Val=0.4081, IoU=0.0000
2026-02-20 14:10:27,242 [INFO]   [lr0.0002_ema0.9_img128_pw7] Epoch 5/10: Train=0.0999, Val=0.3975, IoU=0.0199
2026-02-20 14:10:29,907 [INFO]   [lr0.0002_ema0.9_img128_pw7] Epoch 6/10: Train=0.0994, Val=0.4398, IoU=0.0619
2026-02-20 14:10:32,663 [INFO]   [lr0.0002_ema0.9_img128_pw7] Epoch 7/10: Train=0.1102, Val=0.3843, IoU=0.0813
2026-02-20 14:10:35,453 [INFO]   [lr0.0002_ema0.9_img128_pw7] Epoch 8/10: Train=0.1240, Val=0.4089, IoU=0.0622
2026-02-20 14:10:38,280 [INFO]   [lr0.0002_ema0.9_img128_pw7] Epoch 9/10: Train=0.1137, Val=0.4145, IoU=0.0729
2026-02-20 14:10:41,090 [INFO]   [lr0.0002_ema0.9_img128_pw7] Epoch 10/10: Train=0.1108, Val=0.4537, IoU=0.0686
2026-02-20 14:10:41,451 [INFO]   [lr0.0002_ema0.9_img128_pw7] Best IoU: 0.0813 | Time: 27.9s | Saved: guided_box_ijmond/grid_search/lr0.0002_ema0.9_img128_pw7.pth
2026-02-20 14:10:41,461 [INFO] 
======================================================================
2026-02-20 14:10:41,461 [INFO] [52/108]
2026-02-20 14:10:41,461 [INFO] ======================================================================
2026-02-20 14:10:41,461 [INFO] Starting run: lr0.0002_ema0.9_img128_pw9
2026-02-20 14:10:44,874 [INFO]   [lr0.0002_ema0.9_img128_pw9] Epoch 1/10: Train=0.6215, Val=0.5393, IoU=0.0000
2026-02-20 14:10:47,470 [INFO]   [lr0.0002_ema0.9_img128_pw9] Epoch 2/10: Train=0.1658, Val=0.4565, IoU=0.0000
2026-02-20 14:10:50,068 [INFO]   [lr0.0002_ema0.9_img128_pw9] Epoch 3/10: Train=0.1385, Val=0.4485, IoU=0.0000
2026-02-20 14:10:52,652 [INFO]   [lr0.0002_ema0.9_img128_pw9] Epoch 4/10: Train=0.1285, Val=0.4267, IoU=0.0039
2026-02-20 14:10:55,297 [INFO]   [lr0.0002_ema0.9_img128_pw9] Epoch 5/10: Train=0.1266, Val=0.4018, IoU=0.0834
2026-02-20 14:10:58,017 [INFO]   [lr0.0002_ema0.9_img128_pw9] Epoch 6/10: Train=0.1235, Val=0.4439, IoU=0.0741
2026-02-20 14:11:00,761 [INFO]   [lr0.0002_ema0.9_img128_pw9] Epoch 7/10: Train=0.1283, Val=0.4549, IoU=0.0728
2026-02-20 14:11:03,510 [INFO]   [lr0.0002_ema0.9_img128_pw9] Epoch 8/10: Train=0.1211, Val=0.4904, IoU=0.0707
2026-02-20 14:11:06,280 [INFO]   [lr0.0002_ema0.9_img128_pw9] Epoch 9/10: Train=0.1197, Val=0.5250, IoU=0.0684
2026-02-20 14:11:09,031 [INFO]   [lr0.0002_ema0.9_img128_pw9] Epoch 10/10: Train=0.1068, Val=0.5175, IoU=0.0716
2026-02-20 14:11:09,302 [INFO]   [lr0.0002_ema0.9_img128_pw9] Best IoU: 0.0834 | Time: 27.6s | Saved: guided_box_ijmond/grid_search/lr0.0002_ema0.9_img128_pw9.pth
2026-02-20 14:11:09,312 [INFO] 
======================================================================
2026-02-20 14:11:09,312 [INFO] [53/108]
2026-02-20 14:11:09,312 [INFO] ======================================================================
2026-02-20 14:11:09,312 [INFO] Starting run: lr0.0002_ema0.9_img256_pw3
2026-02-20 14:11:13,068 [INFO]   [lr0.0002_ema0.9_img256_pw3] Epoch 1/10: Train=2.0061, Val=0.2542, IoU=0.0000
2026-02-20 14:11:16,020 [INFO]   [lr0.0002_ema0.9_img256_pw3] Epoch 2/10: Train=0.0833, Val=0.2144, IoU=0.0000
2026-02-20 14:11:18,989 [INFO]   [lr0.0002_ema0.9_img256_pw3] Epoch 3/10: Train=0.0722, Val=0.2008, IoU=0.0000
2026-02-20 14:11:21,941 [INFO]   [lr0.0002_ema0.9_img256_pw3] Epoch 4/10: Train=0.0640, Val=0.1886, IoU=0.0000
2026-02-20 14:11:24,904 [INFO]   [lr0.0002_ema0.9_img256_pw3] Epoch 5/10: Train=0.0579, Val=0.1818, IoU=0.0000
2026-02-20 14:11:27,879 [INFO]   [lr0.0002_ema0.9_img256_pw3] Epoch 6/10: Train=0.0502, Val=0.1861, IoU=0.0000
2026-02-20 14:11:30,901 [INFO]   [lr0.0002_ema0.9_img256_pw3] Epoch 7/10: Train=0.0637, Val=0.2016, IoU=0.1176
2026-02-20 14:11:34,025 [INFO]   [lr0.0002_ema0.9_img256_pw3] Epoch 8/10: Train=0.0886, Val=0.2713, IoU=0.0847
2026-02-20 14:11:37,165 [INFO]   [lr0.0002_ema0.9_img256_pw3] Epoch 9/10: Train=0.0936, Val=0.3136, IoU=0.0772
2026-02-20 14:11:40,339 [INFO]   [lr0.0002_ema0.9_img256_pw3] Epoch 10/10: Train=0.0862, Val=0.2668, IoU=0.0885
2026-02-20 14:11:40,607 [INFO]   [lr0.0002_ema0.9_img256_pw3] Best IoU: 0.1176 | Time: 31.0s | Saved: guided_box_ijmond/grid_search/lr0.0002_ema0.9_img256_pw3.pth
2026-02-20 14:11:40,617 [INFO] 
======================================================================
2026-02-20 14:11:40,617 [INFO] [54/108]
2026-02-20 14:11:40,617 [INFO] ======================================================================
2026-02-20 14:11:40,617 [INFO] Starting run: lr0.0002_ema0.9_img256_pw5
2026-02-20 14:11:44,401 [INFO]   [lr0.0002_ema0.9_img256_pw5] Epoch 1/10: Train=2.8705, Val=0.3351, IoU=0.0000
2026-02-20 14:11:47,372 [INFO]   [lr0.0002_ema0.9_img256_pw5] Epoch 2/10: Train=0.1135, Val=0.2890, IoU=0.0000
2026-02-20 14:11:50,329 [INFO]   [lr0.0002_ema0.9_img256_pw5] Epoch 3/10: Train=0.0967, Val=0.2679, IoU=0.0000
2026-02-20 14:11:53,288 [INFO]   [lr0.0002_ema0.9_img256_pw5] Epoch 4/10: Train=0.0861, Val=0.2523, IoU=0.0000
2026-02-20 14:11:56,270 [INFO]   [lr0.0002_ema0.9_img256_pw5] Epoch 5/10: Train=0.0848, Val=0.2388, IoU=0.1125
2026-02-20 14:11:59,347 [INFO]   [lr0.0002_ema0.9_img256_pw5] Epoch 6/10: Train=0.0905, Val=0.2770, IoU=0.1006
2026-02-20 14:12:02,476 [INFO]   [lr0.0002_ema0.9_img256_pw5] Epoch 7/10: Train=0.1212, Val=0.2983, IoU=0.0823
2026-02-20 14:12:05,605 [INFO]   [lr0.0002_ema0.9_img256_pw5] Epoch 8/10: Train=0.1028, Val=0.3237, IoU=0.0811
2026-02-20 14:12:08,726 [INFO]   [lr0.0002_ema0.9_img256_pw5] Epoch 9/10: Train=0.0910, Val=0.3199, IoU=0.0907
2026-02-20 14:12:11,870 [INFO]   [lr0.0002_ema0.9_img256_pw5] Epoch 10/10: Train=0.0886, Val=0.3112, IoU=0.1002
2026-02-20 14:12:12,135 [INFO]   [lr0.0002_ema0.9_img256_pw5] Best IoU: 0.1125 | Time: 31.3s | Saved: guided_box_ijmond/grid_search/lr0.0002_ema0.9_img256_pw5.pth
2026-02-20 14:12:12,145 [INFO] 
======================================================================
2026-02-20 14:12:12,145 [INFO] [55/108]
2026-02-20 14:12:12,145 [INFO] ======================================================================
2026-02-20 14:12:12,146 [INFO] Starting run: lr0.0002_ema0.9_img256_pw7
2026-02-20 14:12:16,037 [INFO]   [lr0.0002_ema0.9_img256_pw7] Epoch 1/10: Train=1.5742, Val=0.5226, IoU=0.0000
2026-02-20 14:12:18,981 [INFO]   [lr0.0002_ema0.9_img256_pw7] Epoch 2/10: Train=0.1551, Val=0.3866, IoU=0.0000
2026-02-20 14:12:21,951 [INFO]   [lr0.0002_ema0.9_img256_pw7] Epoch 3/10: Train=0.1295, Val=0.3711, IoU=0.0000
2026-02-20 14:12:24,900 [INFO]   [lr0.0002_ema0.9_img256_pw7] Epoch 4/10: Train=0.1164, Val=0.3422, IoU=0.0000
2026-02-20 14:12:27,884 [INFO]   [lr0.0002_ema0.9_img256_pw7] Epoch 5/10: Train=0.1020, Val=0.3448, IoU=0.0005
2026-02-20 14:12:30,927 [INFO]   [lr0.0002_ema0.9_img256_pw7] Epoch 6/10: Train=0.1302, Val=0.3729, IoU=0.0874
2026-02-20 14:12:34,059 [INFO]   [lr0.0002_ema0.9_img256_pw7] Epoch 7/10: Train=0.1372, Val=0.3776, IoU=0.0796
2026-02-20 14:12:37,202 [INFO]   [lr0.0002_ema0.9_img256_pw7] Epoch 8/10: Train=0.1235, Val=0.3763, IoU=0.0828
2026-02-20 14:12:40,350 [INFO]   [lr0.0002_ema0.9_img256_pw7] Epoch 9/10: Train=0.1134, Val=0.3857, IoU=0.0927
2026-02-20 14:12:43,500 [INFO]   [lr0.0002_ema0.9_img256_pw7] Epoch 10/10: Train=0.1078, Val=0.3841, IoU=0.0881
2026-02-20 14:12:43,764 [INFO]   [lr0.0002_ema0.9_img256_pw7] Best IoU: 0.0927 | Time: 31.4s | Saved: guided_box_ijmond/grid_search/lr0.0002_ema0.9_img256_pw7.pth
2026-02-20 14:12:43,773 [INFO] 
======================================================================
2026-02-20 14:12:43,773 [INFO] [56/108]
2026-02-20 14:12:43,773 [INFO] ======================================================================
2026-02-20 14:12:43,773 [INFO] Starting run: lr0.0002_ema0.9_img256_pw9
2026-02-20 14:12:47,528 [INFO]   [lr0.0002_ema0.9_img256_pw9] Epoch 1/10: Train=2.6371, Val=0.5102, IoU=0.0000
2026-02-20 14:12:50,476 [INFO]   [lr0.0002_ema0.9_img256_pw9] Epoch 2/10: Train=0.1677, Val=0.4397, IoU=0.0000
2026-02-20 14:12:53,432 [INFO]   [lr0.0002_ema0.9_img256_pw9] Epoch 3/10: Train=0.1439, Val=0.4184, IoU=0.0000
2026-02-20 14:12:56,403 [INFO]   [lr0.0002_ema0.9_img256_pw9] Epoch 4/10: Train=0.1289, Val=0.4314, IoU=0.0000
2026-02-20 14:12:59,396 [INFO]   [lr0.0002_ema0.9_img256_pw9] Epoch 5/10: Train=0.1257, Val=0.4043, IoU=0.0823
2026-02-20 14:13:02,472 [INFO]   [lr0.0002_ema0.9_img256_pw9] Epoch 6/10: Train=0.1176, Val=0.5057, IoU=0.0698
2026-02-20 14:13:05,634 [INFO]   [lr0.0002_ema0.9_img256_pw9] Epoch 7/10: Train=0.1178, Val=0.5785, IoU=0.0737
2026-02-20 14:13:08,767 [INFO]   [lr0.0002_ema0.9_img256_pw9] Epoch 8/10: Train=0.1161, Val=0.5204, IoU=0.0735
2026-02-20 14:13:11,917 [INFO]   [lr0.0002_ema0.9_img256_pw9] Epoch 9/10: Train=0.1141, Val=0.5696, IoU=0.0693
2026-02-20 14:13:15,088 [INFO]   [lr0.0002_ema0.9_img256_pw9] Epoch 10/10: Train=0.1027, Val=0.4986, IoU=0.0798
2026-02-20 14:13:15,358 [INFO]   [lr0.0002_ema0.9_img256_pw9] Best IoU: 0.0823 | Time: 31.3s | Saved: guided_box_ijmond/grid_search/lr0.0002_ema0.9_img256_pw9.pth
2026-02-20 14:13:15,368 [INFO] 
======================================================================
2026-02-20 14:13:15,369 [INFO] [57/108]
2026-02-20 14:13:15,369 [INFO] ======================================================================
2026-02-20 14:13:15,369 [INFO] Starting run: lr0.0002_ema0.9_img512_pw3
2026-02-20 14:13:22,110 [INFO]   [lr0.0002_ema0.9_img512_pw3] Epoch 1/10: Train=3.8179, Val=0.5675, IoU=0.0000
2026-02-20 14:13:28,007 [INFO]   [lr0.0002_ema0.9_img512_pw3] Epoch 2/10: Train=0.1323, Val=0.2147, IoU=0.0000
2026-02-20 14:13:33,861 [INFO]   [lr0.0002_ema0.9_img512_pw3] Epoch 3/10: Train=0.0763, Val=0.1969, IoU=0.0000
2026-02-20 14:13:39,696 [INFO]   [lr0.0002_ema0.9_img512_pw3] Epoch 4/10: Train=0.0669, Val=0.1791, IoU=0.0000
2026-02-20 14:13:45,542 [INFO]   [lr0.0002_ema0.9_img512_pw3] Epoch 5/10: Train=0.0582, Val=0.1680, IoU=0.0000
2026-02-20 14:13:51,404 [INFO]   [lr0.0002_ema0.9_img512_pw3] Epoch 6/10: Train=0.0548, Val=0.1694, IoU=0.0000
2026-02-20 14:13:57,364 [INFO]   [lr0.0002_ema0.9_img512_pw3] Epoch 7/10: Train=0.0771, Val=0.2328, IoU=0.1259
2026-02-20 14:14:03,435 [INFO]   [lr0.0002_ema0.9_img512_pw3] Epoch 8/10: Train=0.1198, Val=0.2288, IoU=0.1049
2026-02-20 14:14:09,556 [INFO]   [lr0.0002_ema0.9_img512_pw3] Epoch 9/10: Train=0.0912, Val=0.2400, IoU=0.0983
2026-02-20 14:14:15,681 [INFO]   [lr0.0002_ema0.9_img512_pw3] Epoch 10/10: Train=0.0849, Val=0.2462, IoU=0.0999
2026-02-20 14:14:15,949 [INFO]   [lr0.0002_ema0.9_img512_pw3] Best IoU: 0.1259 | Time: 60.3s | Saved: guided_box_ijmond/grid_search/lr0.0002_ema0.9_img512_pw3.pth
2026-02-20 14:14:15,959 [INFO] 
======================================================================
2026-02-20 14:14:15,959 [INFO] [58/108]
2026-02-20 14:14:15,959 [INFO] ======================================================================
2026-02-20 14:14:15,959 [INFO] Starting run: lr0.0002_ema0.9_img512_pw5
2026-02-20 14:14:22,804 [INFO]   [lr0.0002_ema0.9_img512_pw5] Epoch 1/10: Train=1.8280, Val=0.7287, IoU=0.0050
2026-02-20 14:14:28,853 [INFO]   [lr0.0002_ema0.9_img512_pw5] Epoch 2/10: Train=0.2760, Val=0.5368, IoU=0.0000
2026-02-20 14:14:34,704 [INFO]   [lr0.0002_ema0.9_img512_pw5] Epoch 3/10: Train=0.1440, Val=0.3183, IoU=0.0000
2026-02-20 14:14:40,540 [INFO]   [lr0.0002_ema0.9_img512_pw5] Epoch 4/10: Train=0.1132, Val=0.2877, IoU=0.0000
2026-02-20 14:14:46,384 [INFO]   [lr0.0002_ema0.9_img512_pw5] Epoch 5/10: Train=0.0957, Val=0.2539, IoU=0.0000
2026-02-20 14:14:52,259 [INFO]   [lr0.0002_ema0.9_img512_pw5] Epoch 6/10: Train=0.0865, Val=0.2329, IoU=0.0000
2026-02-20 14:14:58,180 [INFO]   [lr0.0002_ema0.9_img512_pw5] Epoch 7/10: Train=0.0859, Val=0.2572, IoU=0.0515
2026-02-20 14:15:04,209 [INFO]   [lr0.0002_ema0.9_img512_pw5] Epoch 8/10: Train=0.0967, Val=0.3322, IoU=0.0964
2026-02-20 14:15:10,315 [INFO]   [lr0.0002_ema0.9_img512_pw5] Epoch 9/10: Train=0.1034, Val=0.3340, IoU=0.0817
2026-02-20 14:15:16,415 [INFO]   [lr0.0002_ema0.9_img512_pw5] Epoch 10/10: Train=0.0994, Val=0.3285, IoU=0.1018
2026-02-20 14:15:16,686 [INFO]   [lr0.0002_ema0.9_img512_pw5] Best IoU: 0.1018 | Time: 60.5s | Saved: guided_box_ijmond/grid_search/lr0.0002_ema0.9_img512_pw5.pth
2026-02-20 14:15:16,697 [INFO] 
======================================================================
2026-02-20 14:15:16,697 [INFO] [59/108]
2026-02-20 14:15:16,697 [INFO] ======================================================================
2026-02-20 14:15:16,697 [INFO] Starting run: lr0.0002_ema0.9_img512_pw7
2026-02-20 14:15:23,387 [INFO]   [lr0.0002_ema0.9_img512_pw7] Epoch 1/10: Train=3.3487, Val=0.4141, IoU=0.0000
2026-02-20 14:15:29,247 [INFO]   [lr0.0002_ema0.9_img512_pw7] Epoch 2/10: Train=0.1417, Val=0.3495, IoU=0.0000
2026-02-20 14:15:35,123 [INFO]   [lr0.0002_ema0.9_img512_pw7] Epoch 3/10: Train=0.1162, Val=0.3075, IoU=0.0000
2026-02-20 14:15:41,127 [INFO]   [lr0.0002_ema0.9_img512_pw7] Epoch 4/10: Train=0.1200, Val=0.3717, IoU=0.0978
2026-02-20 14:15:47,214 [INFO]   [lr0.0002_ema0.9_img512_pw7] Epoch 5/10: Train=0.1186, Val=0.3696, IoU=0.0912
2026-02-20 14:15:53,302 [INFO]   [lr0.0002_ema0.9_img512_pw7] Epoch 6/10: Train=0.1141, Val=0.3846, IoU=0.1002
2026-02-20 14:15:59,369 [INFO]   [lr0.0002_ema0.9_img512_pw7] Epoch 7/10: Train=0.1014, Val=0.4406, IoU=0.0987
2026-02-20 14:16:05,436 [INFO]   [lr0.0002_ema0.9_img512_pw7] Epoch 8/10: Train=0.0982, Val=0.3755, IoU=0.1025
2026-02-20 14:16:11,539 [INFO]   [lr0.0002_ema0.9_img512_pw7] Epoch 9/10: Train=0.0906, Val=0.4398, IoU=0.0995
2026-02-20 14:16:17,608 [INFO]   [lr0.0002_ema0.9_img512_pw7] Epoch 10/10: Train=0.0877, Val=0.3813, IoU=0.0942
2026-02-20 14:16:17,880 [INFO]   [lr0.0002_ema0.9_img512_pw7] Best IoU: 0.1025 | Time: 60.9s | Saved: guided_box_ijmond/grid_search/lr0.0002_ema0.9_img512_pw7.pth
2026-02-20 14:16:17,891 [INFO] 
======================================================================
2026-02-20 14:16:17,891 [INFO] [60/108]
2026-02-20 14:16:17,891 [INFO] ======================================================================
2026-02-20 14:16:17,892 [INFO] Starting run: lr0.0002_ema0.9_img512_pw9
2026-02-20 14:16:24,628 [INFO]   [lr0.0002_ema0.9_img512_pw9] Epoch 1/10: Train=1.9974, Val=0.7345, IoU=0.0000
2026-02-20 14:16:30,614 [INFO]   [lr0.0002_ema0.9_img512_pw9] Epoch 2/10: Train=0.2533, Val=0.4805, IoU=0.0000
2026-02-20 14:16:36,453 [INFO]   [lr0.0002_ema0.9_img512_pw9] Epoch 3/10: Train=0.1737, Val=0.4537, IoU=0.0000
2026-02-20 14:16:42,302 [INFO]   [lr0.0002_ema0.9_img512_pw9] Epoch 4/10: Train=0.1611, Val=0.4334, IoU=0.0000
2026-02-20 14:16:48,162 [INFO]   [lr0.0002_ema0.9_img512_pw9] Epoch 5/10: Train=0.1439, Val=0.4154, IoU=0.0000
2026-02-20 14:16:54,066 [INFO]   [lr0.0002_ema0.9_img512_pw9] Epoch 6/10: Train=0.1344, Val=0.3602, IoU=0.0000
2026-02-20 14:17:00,032 [INFO]   [lr0.0002_ema0.9_img512_pw9] Epoch 7/10: Train=0.1348, Val=0.3629, IoU=0.0970
2026-02-20 14:17:05,997 [INFO]   [lr0.0002_ema0.9_img512_pw9] Epoch 8/10: Train=0.1580, Val=0.3834, IoU=0.1149
2026-02-20 14:17:12,057 [INFO]   [lr0.0002_ema0.9_img512_pw9] Epoch 9/10: Train=0.1399, Val=0.3969, IoU=0.1085
2026-02-20 14:17:18,160 [INFO]   [lr0.0002_ema0.9_img512_pw9] Epoch 10/10: Train=0.1283, Val=0.4166, IoU=0.0941
2026-02-20 14:17:18,432 [INFO]   [lr0.0002_ema0.9_img512_pw9] Best IoU: 0.1149 | Time: 60.3s | Saved: guided_box_ijmond/grid_search/lr0.0002_ema0.9_img512_pw9.pth
2026-02-20 14:17:18,443 [INFO] 
======================================================================
2026-02-20 14:17:18,443 [INFO] [61/108]
2026-02-20 14:17:18,443 [INFO] ======================================================================
2026-02-20 14:17:18,443 [INFO] Starting run: lr0.0002_ema0.95_img128_pw3
2026-02-20 14:17:21,866 [INFO]   [lr0.0002_ema0.95_img128_pw3] Epoch 1/10: Train=1.4127, Val=0.2576, IoU=0.0000
2026-02-20 14:17:24,466 [INFO]   [lr0.0002_ema0.95_img128_pw3] Epoch 2/10: Train=0.0851, Val=0.2424, IoU=0.0000
2026-02-20 14:17:27,069 [INFO]   [lr0.0002_ema0.95_img128_pw3] Epoch 3/10: Train=0.0741, Val=0.2435, IoU=0.0000
2026-02-20 14:17:29,658 [INFO]   [lr0.0002_ema0.95_img128_pw3] Epoch 4/10: Train=0.0662, Val=0.2285, IoU=0.0000
2026-02-20 14:17:32,256 [INFO]   [lr0.0002_ema0.95_img128_pw3] Epoch 5/10: Train=0.0601, Val=0.2382, IoU=0.0000
2026-02-20 14:17:34,835 [INFO]   [lr0.0002_ema0.95_img128_pw3] Epoch 6/10: Train=0.0566, Val=0.2245, IoU=0.0000
2026-02-20 14:17:37,433 [INFO]   [lr0.0002_ema0.95_img128_pw3] Epoch 7/10: Train=0.0554, Val=0.2202, IoU=0.0214
2026-02-20 14:17:40,042 [INFO]   [lr0.0002_ema0.95_img128_pw3] Epoch 8/10: Train=0.0570, Val=0.2180, IoU=0.0747
2026-02-20 14:17:42,699 [INFO]   [lr0.0002_ema0.95_img128_pw3] Epoch 9/10: Train=0.0587, Val=0.2149, IoU=0.0985
2026-02-20 14:17:45,487 [INFO]   [lr0.0002_ema0.95_img128_pw3] Epoch 10/10: Train=0.1018, Val=0.2702, IoU=0.0619
2026-02-20 14:17:45,764 [INFO]   [lr0.0002_ema0.95_img128_pw3] Best IoU: 0.0985 | Time: 27.0s | Saved: guided_box_ijmond/grid_search/lr0.0002_ema0.95_img128_pw3.pth
2026-02-20 14:17:45,773 [INFO] 
======================================================================
2026-02-20 14:17:45,773 [INFO] [62/108]
2026-02-20 14:17:45,773 [INFO] ======================================================================
2026-02-20 14:17:45,773 [INFO] Starting run: lr0.0002_ema0.95_img128_pw5
2026-02-20 14:17:49,141 [INFO]   [lr0.0002_ema0.95_img128_pw5] Epoch 1/10: Train=1.6213, Val=0.3736, IoU=0.0000
2026-02-20 14:17:51,744 [INFO]   [lr0.0002_ema0.95_img128_pw5] Epoch 2/10: Train=0.1287, Val=0.3380, IoU=0.0000
2026-02-20 14:17:54,335 [INFO]   [lr0.0002_ema0.95_img128_pw5] Epoch 3/10: Train=0.1093, Val=0.3418, IoU=0.0000
2026-02-20 14:17:56,922 [INFO]   [lr0.0002_ema0.95_img128_pw5] Epoch 4/10: Train=0.0954, Val=0.3380, IoU=0.0000
2026-02-20 14:17:59,522 [INFO]   [lr0.0002_ema0.95_img128_pw5] Epoch 5/10: Train=0.0866, Val=0.3259, IoU=0.0000
2026-02-20 14:18:02,118 [INFO]   [lr0.0002_ema0.95_img128_pw5] Epoch 6/10: Train=0.0822, Val=0.3286, IoU=0.0008
2026-02-20 14:18:04,723 [INFO]   [lr0.0002_ema0.95_img128_pw5] Epoch 7/10: Train=0.0792, Val=0.3017, IoU=0.0299
2026-02-20 14:18:07,369 [INFO]   [lr0.0002_ema0.95_img128_pw5] Epoch 8/10: Train=0.0776, Val=0.3165, IoU=0.0612
2026-02-20 14:18:10,043 [INFO]   [lr0.0002_ema0.95_img128_pw5] Epoch 9/10: Train=0.0985, Val=0.3221, IoU=0.0915
2026-02-20 14:18:12,752 [INFO]   [lr0.0002_ema0.95_img128_pw5] Epoch 10/10: Train=0.1000, Val=0.3503, IoU=0.0773
2026-02-20 14:18:13,018 [INFO]   [lr0.0002_ema0.95_img128_pw5] Best IoU: 0.0915 | Time: 27.0s | Saved: guided_box_ijmond/grid_search/lr0.0002_ema0.95_img128_pw5.pth
2026-02-20 14:18:13,026 [INFO] 
======================================================================
2026-02-20 14:18:13,026 [INFO] [63/108]
2026-02-20 14:18:13,026 [INFO] ======================================================================
2026-02-20 14:18:13,026 [INFO] Starting run: lr0.0002_ema0.95_img128_pw7
2026-02-20 14:18:16,434 [INFO]   [lr0.0002_ema0.95_img128_pw7] Epoch 1/10: Train=0.8798, Val=0.4703, IoU=0.0000
2026-02-20 14:18:19,028 [INFO]   [lr0.0002_ema0.95_img128_pw7] Epoch 2/10: Train=0.1570, Val=0.4010, IoU=0.0000
2026-02-20 14:18:21,626 [INFO]   [lr0.0002_ema0.95_img128_pw7] Epoch 3/10: Train=0.1249, Val=0.3862, IoU=0.0000
2026-02-20 14:18:24,219 [INFO]   [lr0.0002_ema0.95_img128_pw7] Epoch 4/10: Train=0.1089, Val=0.3687, IoU=0.0000
2026-02-20 14:18:26,803 [INFO]   [lr0.0002_ema0.95_img128_pw7] Epoch 5/10: Train=0.1037, Val=0.3929, IoU=0.0000
2026-02-20 14:18:29,422 [INFO]   [lr0.0002_ema0.95_img128_pw7] Epoch 6/10: Train=0.0992, Val=0.3797, IoU=0.0697
2026-02-20 14:18:32,072 [INFO]   [lr0.0002_ema0.95_img128_pw7] Epoch 7/10: Train=0.1147, Val=0.3588, IoU=0.0695
2026-02-20 14:18:34,763 [INFO]   [lr0.0002_ema0.95_img128_pw7] Epoch 8/10: Train=0.0970, Val=0.4149, IoU=0.0927
2026-02-20 14:18:37,488 [INFO]   [lr0.0002_ema0.95_img128_pw7] Epoch 9/10: Train=0.1112, Val=0.4345, IoU=0.0816
2026-02-20 14:18:40,256 [INFO]   [lr0.0002_ema0.95_img128_pw7] Epoch 10/10: Train=0.1170, Val=0.4219, IoU=0.0718
2026-02-20 14:18:40,517 [INFO]   [lr0.0002_ema0.95_img128_pw7] Best IoU: 0.0927 | Time: 27.2s | Saved: guided_box_ijmond/grid_search/lr0.0002_ema0.95_img128_pw7.pth
2026-02-20 14:18:40,528 [INFO] 
======================================================================
2026-02-20 14:18:40,528 [INFO] [64/108]
2026-02-20 14:18:40,528 [INFO] ======================================================================
2026-02-20 14:18:40,528 [INFO] Starting run: lr0.0002_ema0.95_img128_pw9
2026-02-20 14:18:43,933 [INFO]   [lr0.0002_ema0.95_img128_pw9] Epoch 1/10: Train=0.8413, Val=0.5318, IoU=0.0000
2026-02-20 14:18:46,512 [INFO]   [lr0.0002_ema0.95_img128_pw9] Epoch 2/10: Train=0.1825, Val=0.4752, IoU=0.0000
2026-02-20 14:18:49,081 [INFO]   [lr0.0002_ema0.95_img128_pw9] Epoch 3/10: Train=0.1474, Val=0.4641, IoU=0.0000
2026-02-20 14:18:51,666 [INFO]   [lr0.0002_ema0.95_img128_pw9] Epoch 4/10: Train=0.1318, Val=0.4325, IoU=0.0000
2026-02-20 14:18:54,269 [INFO]   [lr0.0002_ema0.95_img128_pw9] Epoch 5/10: Train=0.1235, Val=0.4291, IoU=0.0481
2026-02-20 14:18:56,939 [INFO]   [lr0.0002_ema0.95_img128_pw9] Epoch 6/10: Train=0.1219, Val=0.4534, IoU=0.0740
2026-02-20 14:18:59,681 [INFO]   [lr0.0002_ema0.95_img128_pw9] Epoch 7/10: Train=0.1299, Val=0.4448, IoU=0.0809
2026-02-20 14:19:02,438 [INFO]   [lr0.0002_ema0.95_img128_pw9] Epoch 8/10: Train=0.1339, Val=0.4916, IoU=0.0694
2026-02-20 14:19:05,189 [INFO]   [lr0.0002_ema0.95_img128_pw9] Epoch 9/10: Train=0.1177, Val=0.5163, IoU=0.0729
2026-02-20 14:19:07,959 [INFO]   [lr0.0002_ema0.95_img128_pw9] Epoch 10/10: Train=0.1146, Val=0.4838, IoU=0.0742
2026-02-20 14:19:08,227 [INFO]   [lr0.0002_ema0.95_img128_pw9] Best IoU: 0.0809 | Time: 27.4s | Saved: guided_box_ijmond/grid_search/lr0.0002_ema0.95_img128_pw9.pth
2026-02-20 14:19:08,238 [INFO] 
======================================================================
2026-02-20 14:19:08,238 [INFO] [65/108]
2026-02-20 14:19:08,238 [INFO] ======================================================================
2026-02-20 14:19:08,238 [INFO] Starting run: lr0.0002_ema0.95_img256_pw3
2026-02-20 14:19:11,999 [INFO]   [lr0.0002_ema0.95_img256_pw3] Epoch 1/10: Train=4.1635, Val=0.2463, IoU=0.0000
2026-02-20 14:19:14,939 [INFO]   [lr0.0002_ema0.95_img256_pw3] Epoch 2/10: Train=0.0851, Val=0.2199, IoU=0.0000
2026-02-20 14:19:17,897 [INFO]   [lr0.0002_ema0.95_img256_pw3] Epoch 3/10: Train=0.0753, Val=0.2069, IoU=0.0000
2026-02-20 14:19:20,864 [INFO]   [lr0.0002_ema0.95_img256_pw3] Epoch 4/10: Train=0.0664, Val=0.1938, IoU=0.0000
2026-02-20 14:19:23,824 [INFO]   [lr0.0002_ema0.95_img256_pw3] Epoch 5/10: Train=0.0637, Val=0.1905, IoU=0.0000
2026-02-20 14:19:26,807 [INFO]   [lr0.0002_ema0.95_img256_pw3] Epoch 6/10: Train=0.0541, Val=0.1892, IoU=0.0000
2026-02-20 14:19:29,785 [INFO]   [lr0.0002_ema0.95_img256_pw3] Epoch 7/10: Train=0.0514, Val=0.1877, IoU=0.0000
2026-02-20 14:19:32,777 [INFO]   [lr0.0002_ema0.95_img256_pw3] Epoch 8/10: Train=0.0635, Val=0.1904, IoU=0.1192
2026-02-20 14:19:35,877 [INFO]   [lr0.0002_ema0.95_img256_pw3] Epoch 9/10: Train=0.0775, Val=0.2533, IoU=0.0892
2026-02-20 14:19:39,050 [INFO]   [lr0.0002_ema0.95_img256_pw3] Epoch 10/10: Train=0.0923, Val=0.2732, IoU=0.0857
2026-02-20 14:19:39,323 [INFO]   [lr0.0002_ema0.95_img256_pw3] Best IoU: 0.1192 | Time: 30.8s | Saved: guided_box_ijmond/grid_search/lr0.0002_ema0.95_img256_pw3.pth
2026-02-20 14:19:39,334 [INFO] 
======================================================================
2026-02-20 14:19:39,334 [INFO] [66/108]
2026-02-20 14:19:39,334 [INFO] ======================================================================
2026-02-20 14:19:39,334 [INFO] Starting run: lr0.0002_ema0.95_img256_pw5
2026-02-20 14:19:43,228 [INFO]   [lr0.0002_ema0.95_img256_pw5] Epoch 1/10: Train=3.5670, Val=0.5742, IoU=0.0000
2026-02-20 14:19:46,199 [INFO]   [lr0.0002_ema0.95_img256_pw5] Epoch 2/10: Train=0.1471, Val=0.3304, IoU=0.0000
2026-02-20 14:19:49,173 [INFO]   [lr0.0002_ema0.95_img256_pw5] Epoch 3/10: Train=0.1116, Val=0.3096, IoU=0.0000
2026-02-20 14:19:52,147 [INFO]   [lr0.0002_ema0.95_img256_pw5] Epoch 4/10: Train=0.1011, Val=0.2962, IoU=0.0000
2026-02-20 14:19:55,115 [INFO]   [lr0.0002_ema0.95_img256_pw5] Epoch 5/10: Train=0.0885, Val=0.2760, IoU=0.0000
2026-02-20 14:19:58,067 [INFO]   [lr0.0002_ema0.95_img256_pw5] Epoch 6/10: Train=0.0797, Val=0.2749, IoU=0.0000
2026-02-20 14:20:01,055 [INFO]   [lr0.0002_ema0.95_img256_pw5] Epoch 7/10: Train=0.0746, Val=0.2729, IoU=0.0000
2026-02-20 14:20:04,054 [INFO]   [lr0.0002_ema0.95_img256_pw5] Epoch 8/10: Train=0.0745, Val=0.2707, IoU=0.0000
2026-02-20 14:20:07,050 [INFO]   [lr0.0002_ema0.95_img256_pw5] Epoch 9/10: Train=0.0725, Val=0.2806, IoU=0.0000
2026-02-20 14:20:10,088 [INFO]   [lr0.0002_ema0.95_img256_pw5] Epoch 10/10: Train=0.0740, Val=0.2715, IoU=0.0460
2026-02-20 14:20:10,354 [INFO]   [lr0.0002_ema0.95_img256_pw5] Best IoU: 0.0460 | Time: 30.8s | Saved: guided_box_ijmond/grid_search/lr0.0002_ema0.95_img256_pw5.pth
2026-02-20 14:20:10,365 [INFO] 
======================================================================
2026-02-20 14:20:10,365 [INFO] [67/108]
2026-02-20 14:20:10,365 [INFO] ======================================================================
2026-02-20 14:20:10,365 [INFO] Starting run: lr0.0002_ema0.95_img256_pw7
2026-02-20 14:20:14,237 [INFO]   [lr0.0002_ema0.95_img256_pw7] Epoch 1/10: Train=3.3938, Val=0.4260, IoU=0.0000
2026-02-20 14:20:17,204 [INFO]   [lr0.0002_ema0.95_img256_pw7] Epoch 2/10: Train=0.1484, Val=0.3875, IoU=0.0000
2026-02-20 14:20:20,195 [INFO]   [lr0.0002_ema0.95_img256_pw7] Epoch 3/10: Train=0.1291, Val=0.3542, IoU=0.0000
2026-02-20 14:20:23,158 [INFO]   [lr0.0002_ema0.95_img256_pw7] Epoch 4/10: Train=0.1115, Val=0.3385, IoU=0.0000
2026-02-20 14:20:26,144 [INFO]   [lr0.0002_ema0.95_img256_pw7] Epoch 5/10: Train=0.1054, Val=0.3253, IoU=0.0185
2026-02-20 14:20:29,212 [INFO]   [lr0.0002_ema0.95_img256_pw7] Epoch 6/10: Train=0.1073, Val=0.3329, IoU=0.1065
2026-02-20 14:20:32,345 [INFO]   [lr0.0002_ema0.95_img256_pw7] Epoch 7/10: Train=0.1138, Val=0.3800, IoU=0.0717
2026-02-20 14:20:35,508 [INFO]   [lr0.0002_ema0.95_img256_pw7] Epoch 8/10: Train=0.1090, Val=0.4115, IoU=0.0811
2026-02-20 14:20:38,665 [INFO]   [lr0.0002_ema0.95_img256_pw7] Epoch 9/10: Train=0.1023, Val=0.4386, IoU=0.0733
2026-02-20 14:20:41,826 [INFO]   [lr0.0002_ema0.95_img256_pw7] Epoch 10/10: Train=0.1021, Val=0.3918, IoU=0.0921
2026-02-20 14:20:42,096 [INFO]   [lr0.0002_ema0.95_img256_pw7] Best IoU: 0.1065 | Time: 31.5s | Saved: guided_box_ijmond/grid_search/lr0.0002_ema0.95_img256_pw7.pth
2026-02-20 14:20:42,107 [INFO] 
======================================================================
2026-02-20 14:20:42,107 [INFO] [68/108]
2026-02-20 14:20:42,107 [INFO] ======================================================================
2026-02-20 14:20:42,107 [INFO] Starting run: lr0.0002_ema0.95_img256_pw9
2026-02-20 14:20:45,908 [INFO]   [lr0.0002_ema0.95_img256_pw9] Epoch 1/10: Train=3.5549, Val=0.4883, IoU=0.0000
2026-02-20 14:20:48,884 [INFO]   [lr0.0002_ema0.95_img256_pw9] Epoch 2/10: Train=0.1686, Val=0.4519, IoU=0.0000
2026-02-20 14:20:51,850 [INFO]   [lr0.0002_ema0.95_img256_pw9] Epoch 3/10: Train=0.1463, Val=0.4255, IoU=0.0000
2026-02-20 14:20:54,823 [INFO]   [lr0.0002_ema0.95_img256_pw9] Epoch 4/10: Train=0.1325, Val=0.4059, IoU=0.0000
2026-02-20 14:20:57,849 [INFO]   [lr0.0002_ema0.95_img256_pw9] Epoch 5/10: Train=0.1308, Val=0.4106, IoU=0.0873
2026-02-20 14:21:00,975 [INFO]   [lr0.0002_ema0.95_img256_pw9] Epoch 6/10: Train=0.1280, Val=0.4278, IoU=0.0779
2026-02-20 14:21:04,122 [INFO]   [lr0.0002_ema0.95_img256_pw9] Epoch 7/10: Train=0.1233, Val=0.4727, IoU=0.0717
2026-02-20 14:21:07,287 [INFO]   [lr0.0002_ema0.95_img256_pw9] Epoch 8/10: Train=0.1125, Val=0.4813, IoU=0.0758
2026-02-20 14:21:10,448 [INFO]   [lr0.0002_ema0.95_img256_pw9] Epoch 9/10: Train=0.1070, Val=0.5169, IoU=0.0766
2026-02-20 14:21:13,624 [INFO]   [lr0.0002_ema0.95_img256_pw9] Epoch 10/10: Train=0.1056, Val=0.5639, IoU=0.0817
2026-02-20 14:21:13,896 [INFO]   [lr0.0002_ema0.95_img256_pw9] Best IoU: 0.0873 | Time: 31.5s | Saved: guided_box_ijmond/grid_search/lr0.0002_ema0.95_img256_pw9.pth
2026-02-20 14:21:13,907 [INFO] 
======================================================================
2026-02-20 14:21:13,907 [INFO] [69/108]
2026-02-20 14:21:13,908 [INFO] ======================================================================
2026-02-20 14:21:13,908 [INFO] Starting run: lr0.0002_ema0.95_img512_pw3
2026-02-20 14:21:20,719 [INFO]   [lr0.0002_ema0.95_img512_pw3] Epoch 1/10: Train=3.8591, Val=0.5830, IoU=0.0000
2026-02-20 14:21:26,631 [INFO]   [lr0.0002_ema0.95_img512_pw3] Epoch 2/10: Train=0.1302, Val=0.2143, IoU=0.0000
2026-02-20 14:21:32,487 [INFO]   [lr0.0002_ema0.95_img512_pw3] Epoch 3/10: Train=0.0763, Val=0.1982, IoU=0.0000
2026-02-20 14:21:38,350 [INFO]   [lr0.0002_ema0.95_img512_pw3] Epoch 4/10: Train=0.0668, Val=0.1809, IoU=0.0000
2026-02-20 14:21:44,214 [INFO]   [lr0.0002_ema0.95_img512_pw3] Epoch 5/10: Train=0.0594, Val=0.1729, IoU=0.0000
2026-02-20 14:21:50,091 [INFO]   [lr0.0002_ema0.95_img512_pw3] Epoch 6/10: Train=0.0535, Val=0.1626, IoU=0.0000
2026-02-20 14:21:56,009 [INFO]   [lr0.0002_ema0.95_img512_pw3] Epoch 7/10: Train=0.0565, Val=0.1592, IoU=0.0785
2026-02-20 14:22:02,066 [INFO]   [lr0.0002_ema0.95_img512_pw3] Epoch 8/10: Train=0.0853, Val=0.2870, IoU=0.0972
2026-02-20 14:22:08,187 [INFO]   [lr0.0002_ema0.95_img512_pw3] Epoch 9/10: Train=0.1178, Val=0.2540, IoU=0.0927
2026-02-20 14:22:14,303 [INFO]   [lr0.0002_ema0.95_img512_pw3] Epoch 10/10: Train=0.0986, Val=0.2908, IoU=0.0880
2026-02-20 14:22:14,575 [INFO]   [lr0.0002_ema0.95_img512_pw3] Best IoU: 0.0972 | Time: 60.4s | Saved: guided_box_ijmond/grid_search/lr0.0002_ema0.95_img512_pw3.pth
2026-02-20 14:22:14,586 [INFO] 
======================================================================
2026-02-20 14:22:14,586 [INFO] [70/108]
2026-02-20 14:22:14,586 [INFO] ======================================================================
2026-02-20 14:22:14,586 [INFO] Starting run: lr0.0002_ema0.95_img512_pw5
2026-02-20 14:22:21,413 [INFO]   [lr0.0002_ema0.95_img512_pw5] Epoch 1/10: Train=2.7478, Val=0.3429, IoU=0.0000
2026-02-20 14:22:27,260 [INFO]   [lr0.0002_ema0.95_img512_pw5] Epoch 2/10: Train=0.1153, Val=0.2924, IoU=0.0000
2026-02-20 14:22:33,122 [INFO]   [lr0.0002_ema0.95_img512_pw5] Epoch 3/10: Train=0.0994, Val=0.2608, IoU=0.0000
2026-02-20 14:22:38,991 [INFO]   [lr0.0002_ema0.95_img512_pw5] Epoch 4/10: Train=0.0893, Val=0.2459, IoU=0.0000
2026-02-20 14:22:44,918 [INFO]   [lr0.0002_ema0.95_img512_pw5] Epoch 5/10: Train=0.0823, Val=0.2344, IoU=0.0390
2026-02-20 14:22:50,974 [INFO]   [lr0.0002_ema0.95_img512_pw5] Epoch 6/10: Train=0.1057, Val=0.2980, IoU=0.1032
2026-02-20 14:22:57,074 [INFO]   [lr0.0002_ema0.95_img512_pw5] Epoch 7/10: Train=0.1056, Val=0.3761, IoU=0.0813
2026-02-20 14:23:03,199 [INFO]   [lr0.0002_ema0.95_img512_pw5] Epoch 8/10: Train=0.1243, Val=1.1238, IoU=0.0402
2026-02-20 14:23:09,319 [INFO]   [lr0.0002_ema0.95_img512_pw5] Epoch 9/10: Train=0.1521, Val=0.3004, IoU=0.0887
2026-02-20 14:23:15,436 [INFO]   [lr0.0002_ema0.95_img512_pw5] Epoch 10/10: Train=0.1189, Val=0.3636, IoU=0.0676
2026-02-20 14:23:15,708 [INFO]   [lr0.0002_ema0.95_img512_pw5] Best IoU: 0.1032 | Time: 60.9s | Saved: guided_box_ijmond/grid_search/lr0.0002_ema0.95_img512_pw5.pth
2026-02-20 14:23:15,719 [INFO] 
======================================================================
2026-02-20 14:23:15,719 [INFO] [71/108]
2026-02-20 14:23:15,719 [INFO] ======================================================================
2026-02-20 14:23:15,719 [INFO] Starting run: lr0.0002_ema0.95_img512_pw7
2026-02-20 14:23:22,475 [INFO]   [lr0.0002_ema0.95_img512_pw7] Epoch 1/10: Train=5.1430, Val=0.7155, IoU=0.0000
2026-02-20 14:23:28,513 [INFO]   [lr0.0002_ema0.95_img512_pw7] Epoch 2/10: Train=0.1986, Val=0.7127, IoU=0.0002
2026-02-20 14:23:34,566 [INFO]   [lr0.0002_ema0.95_img512_pw7] Epoch 3/10: Train=0.1795, Val=0.6588, IoU=0.0000
2026-02-20 14:23:40,484 [INFO]   [lr0.0002_ema0.95_img512_pw7] Epoch 4/10: Train=0.1874, Val=0.3998, IoU=0.0000
2026-02-20 14:23:46,362 [INFO]   [lr0.0002_ema0.95_img512_pw7] Epoch 5/10: Train=0.1328, Val=0.3548, IoU=0.0000
2026-02-20 14:23:52,286 [INFO]   [lr0.0002_ema0.95_img512_pw7] Epoch 6/10: Train=0.1136, Val=0.3102, IoU=0.0000
2026-02-20 14:23:58,230 [INFO]   [lr0.0002_ema0.95_img512_pw7] Epoch 7/10: Train=0.1137, Val=0.2982, IoU=0.0404
2026-02-20 14:24:04,298 [INFO]   [lr0.0002_ema0.95_img512_pw7] Epoch 8/10: Train=0.1616, Val=0.3462, IoU=0.0877
2026-02-20 14:24:10,426 [INFO]   [lr0.0002_ema0.95_img512_pw7] Epoch 9/10: Train=0.1403, Val=0.4139, IoU=0.0776
2026-02-20 14:24:16,549 [INFO]   [lr0.0002_ema0.95_img512_pw7] Epoch 10/10: Train=0.1183, Val=0.4289, IoU=0.0997
2026-02-20 14:24:16,824 [INFO]   [lr0.0002_ema0.95_img512_pw7] Best IoU: 0.0997 | Time: 60.8s | Saved: guided_box_ijmond/grid_search/lr0.0002_ema0.95_img512_pw7.pth
2026-02-20 14:24:16,835 [INFO] 
======================================================================
2026-02-20 14:24:16,835 [INFO] [72/108]
2026-02-20 14:24:16,835 [INFO] ======================================================================
2026-02-20 14:24:16,835 [INFO] Starting run: lr0.0002_ema0.95_img512_pw9
2026-02-20 14:24:23,557 [INFO]   [lr0.0002_ema0.95_img512_pw9] Epoch 1/10: Train=4.5953, Val=0.4632, IoU=0.0000
2026-02-20 14:24:29,412 [INFO]   [lr0.0002_ema0.95_img512_pw9] Epoch 2/10: Train=0.1605, Val=0.4070, IoU=0.0000
2026-02-20 14:24:35,280 [INFO]   [lr0.0002_ema0.95_img512_pw9] Epoch 3/10: Train=0.1344, Val=0.3714, IoU=0.0000
2026-02-20 14:24:41,191 [INFO]   [lr0.0002_ema0.95_img512_pw9] Epoch 4/10: Train=0.1291, Val=0.3376, IoU=0.0819
2026-02-20 14:24:47,240 [INFO]   [lr0.0002_ema0.95_img512_pw9] Epoch 5/10: Train=0.1273, Val=0.4714, IoU=0.1073
2026-02-20 14:24:53,337 [INFO]   [lr0.0002_ema0.95_img512_pw9] Epoch 6/10: Train=0.1187, Val=0.4533, IoU=0.0964
2026-02-20 14:24:59,421 [INFO]   [lr0.0002_ema0.95_img512_pw9] Epoch 7/10: Train=0.1089, Val=0.4668, IoU=0.0836
2026-02-20 14:25:05,509 [INFO]   [lr0.0002_ema0.95_img512_pw9] Epoch 8/10: Train=0.1057, Val=0.3945, IoU=0.1042
2026-02-20 14:25:11,441 [INFO]   [lr0.0002_ema0.95_img512_pw9] Epoch 9/10: Train=0.1679, Val=0.3902, IoU=0.1157
2026-02-20 14:25:17,516 [INFO]   [lr0.0002_ema0.95_img512_pw9] Epoch 10/10: Train=0.1418, Val=0.3634, IoU=0.1030
2026-02-20 14:25:17,784 [INFO]   [lr0.0002_ema0.95_img512_pw9] Best IoU: 0.1157 | Time: 60.7s | Saved: guided_box_ijmond/grid_search/lr0.0002_ema0.95_img512_pw9.pth
2026-02-20 14:25:17,796 [INFO] 
======================================================================
2026-02-20 14:25:17,796 [INFO] [73/108]
2026-02-20 14:25:17,796 [INFO] ======================================================================
2026-02-20 14:25:17,796 [INFO] Starting run: lr0.0005_ema0.85_img128_pw3
2026-02-20 14:25:21,199 [INFO]   [lr0.0005_ema0.85_img128_pw3] Epoch 1/10: Train=7.8025, Val=0.2508, IoU=0.0000
2026-02-20 14:25:23,794 [INFO]   [lr0.0005_ema0.85_img128_pw3] Epoch 2/10: Train=0.0887, Val=0.2316, IoU=0.0000
2026-02-20 14:25:26,393 [INFO]   [lr0.0005_ema0.85_img128_pw3] Epoch 3/10: Train=0.0799, Val=0.2138, IoU=0.0000
2026-02-20 14:25:28,999 [INFO]   [lr0.0005_ema0.85_img128_pw3] Epoch 4/10: Train=0.0720, Val=0.2076, IoU=0.0000
2026-02-20 14:25:31,586 [INFO]   [lr0.0005_ema0.85_img128_pw3] Epoch 5/10: Train=0.0673, Val=0.2001, IoU=0.0000
2026-02-20 14:25:34,168 [INFO]   [lr0.0005_ema0.85_img128_pw3] Epoch 6/10: Train=0.0619, Val=0.1995, IoU=0.0000
2026-02-20 14:25:36,762 [INFO]   [lr0.0005_ema0.85_img128_pw3] Epoch 7/10: Train=0.0611, Val=0.2019, IoU=0.0000
2026-02-20 14:25:39,374 [INFO]   [lr0.0005_ema0.85_img128_pw3] Epoch 8/10: Train=0.0570, Val=0.2033, IoU=0.0175
2026-02-20 14:25:41,998 [INFO]   [lr0.0005_ema0.85_img128_pw3] Epoch 9/10: Train=0.0626, Val=0.2047, IoU=0.0311
2026-02-20 14:25:44,642 [INFO]   [lr0.0005_ema0.85_img128_pw3] Epoch 10/10: Train=0.0664, Val=0.2144, IoU=0.0802
2026-02-20 14:25:44,913 [INFO]   [lr0.0005_ema0.85_img128_pw3] Best IoU: 0.0802 | Time: 26.8s | Saved: guided_box_ijmond/grid_search/lr0.0005_ema0.85_img128_pw3.pth
2026-02-20 14:25:44,922 [INFO] 
======================================================================
2026-02-20 14:25:44,922 [INFO] [74/108]
2026-02-20 14:25:44,922 [INFO] ======================================================================
2026-02-20 14:25:44,922 [INFO] Starting run: lr0.0005_ema0.85_img128_pw5
2026-02-20 14:25:48,369 [INFO]   [lr0.0005_ema0.85_img128_pw5] Epoch 1/10: Train=9.8633, Val=0.3565, IoU=0.0000
2026-02-20 14:25:50,956 [INFO]   [lr0.0005_ema0.85_img128_pw5] Epoch 2/10: Train=0.1284, Val=0.3140, IoU=0.0000
2026-02-20 14:25:53,548 [INFO]   [lr0.0005_ema0.85_img128_pw5] Epoch 3/10: Train=0.1110, Val=0.2982, IoU=0.0000
2026-02-20 14:25:56,132 [INFO]   [lr0.0005_ema0.85_img128_pw5] Epoch 4/10: Train=0.1024, Val=0.2844, IoU=0.0000
2026-02-20 14:25:58,728 [INFO]   [lr0.0005_ema0.85_img128_pw5] Epoch 5/10: Train=0.0960, Val=0.2766, IoU=0.0000
2026-02-20 14:26:01,317 [INFO]   [lr0.0005_ema0.85_img128_pw5] Epoch 6/10: Train=0.0934, Val=0.2879, IoU=0.0000
2026-02-20 14:26:03,918 [INFO]   [lr0.0005_ema0.85_img128_pw5] Epoch 7/10: Train=0.0900, Val=0.2801, IoU=0.0418
2026-02-20 14:26:06,671 [INFO]   [lr0.0005_ema0.85_img128_pw5] Epoch 8/10: Train=0.1376, Val=0.3471, IoU=0.0548
2026-02-20 14:26:09,436 [INFO]   [lr0.0005_ema0.85_img128_pw5] Epoch 9/10: Train=0.1388, Val=0.3389, IoU=0.0637
2026-02-20 14:26:12,208 [INFO]   [lr0.0005_ema0.85_img128_pw5] Epoch 10/10: Train=0.1295, Val=0.3518, IoU=0.0628
2026-02-20 14:26:12,476 [INFO]   [lr0.0005_ema0.85_img128_pw5] Best IoU: 0.0637 | Time: 27.3s | Saved: guided_box_ijmond/grid_search/lr0.0005_ema0.85_img128_pw5.pth
2026-02-20 14:26:12,488 [INFO] 
======================================================================
2026-02-20 14:26:12,488 [INFO] [75/108]
2026-02-20 14:26:12,488 [INFO] ======================================================================
2026-02-20 14:26:12,488 [INFO] Starting run: lr0.0005_ema0.85_img128_pw7
2026-02-20 14:26:15,943 [INFO]   [lr0.0005_ema0.85_img128_pw7] Epoch 1/10: Train=23.2708, Val=0.4287, IoU=0.0000
2026-02-20 14:26:18,631 [INFO]   [lr0.0005_ema0.85_img128_pw7] Epoch 2/10: Train=0.1509, Val=0.3958, IoU=0.0000
2026-02-20 14:26:21,295 [INFO]   [lr0.0005_ema0.85_img128_pw7] Epoch 3/10: Train=0.1341, Val=0.3776, IoU=0.0000
2026-02-20 14:26:23,942 [INFO]   [lr0.0005_ema0.85_img128_pw7] Epoch 4/10: Train=0.1225, Val=0.3727, IoU=0.0000
2026-02-20 14:26:26,607 [INFO]   [lr0.0005_ema0.85_img128_pw7] Epoch 5/10: Train=0.1146, Val=0.3628, IoU=0.0000
2026-02-20 14:26:29,267 [INFO]   [lr0.0005_ema0.85_img128_pw7] Epoch 6/10: Train=0.1070, Val=0.3740, IoU=0.0173
2026-02-20 14:26:32,004 [INFO]   [lr0.0005_ema0.85_img128_pw7] Epoch 7/10: Train=0.1086, Val=0.4652, IoU=0.0490
2026-02-20 14:26:34,807 [INFO]   [lr0.0005_ema0.85_img128_pw7] Epoch 8/10: Train=0.1437, Val=0.4511, IoU=0.0638
2026-02-20 14:26:37,657 [INFO]   [lr0.0005_ema0.85_img128_pw7] Epoch 9/10: Train=0.1306, Val=0.4941, IoU=0.0526
2026-02-20 14:26:40,493 [INFO]   [lr0.0005_ema0.85_img128_pw7] Epoch 10/10: Train=0.1220, Val=0.4840, IoU=0.0582
2026-02-20 14:26:40,832 [INFO]   [lr0.0005_ema0.85_img128_pw7] Best IoU: 0.0638 | Time: 28.0s | Saved: guided_box_ijmond/grid_search/lr0.0005_ema0.85_img128_pw7.pth
2026-02-20 14:26:40,844 [INFO] 
======================================================================
2026-02-20 14:26:40,844 [INFO] [76/108]
2026-02-20 14:26:40,844 [INFO] ======================================================================
2026-02-20 14:26:40,844 [INFO] Starting run: lr0.0005_ema0.85_img128_pw9
2026-02-20 14:26:44,314 [INFO]   [lr0.0005_ema0.85_img128_pw9] Epoch 1/10: Train=20.8030, Val=0.7394, IoU=0.0000
2026-02-20 14:26:47,031 [INFO]   [lr0.0005_ema0.85_img128_pw9] Epoch 2/10: Train=0.2537, Val=0.6056, IoU=0.0000
2026-02-20 14:26:49,748 [INFO]   [lr0.0005_ema0.85_img128_pw9] Epoch 3/10: Train=0.2038, Val=0.5125, IoU=0.0000
2026-02-20 14:26:52,472 [INFO]   [lr0.0005_ema0.85_img128_pw9] Epoch 4/10: Train=0.1843, Val=0.4885, IoU=0.0000
2026-02-20 14:26:55,194 [INFO]   [lr0.0005_ema0.85_img128_pw9] Epoch 5/10: Train=0.1801, Val=0.4836, IoU=0.0000
2026-02-20 14:26:57,906 [INFO]   [lr0.0005_ema0.85_img128_pw9] Epoch 6/10: Train=0.1795, Val=0.4822, IoU=0.0000
2026-02-20 14:27:00,592 [INFO]   [lr0.0005_ema0.85_img128_pw9] Epoch 7/10: Train=0.1792, Val=0.4824, IoU=0.0000
2026-02-20 14:27:03,192 [INFO]   [lr0.0005_ema0.85_img128_pw9] Epoch 8/10: Train=0.1792, Val=0.4822, IoU=0.0000
2026-02-20 14:27:05,815 [INFO]   [lr0.0005_ema0.85_img128_pw9] Epoch 9/10: Train=0.1791, Val=0.4823, IoU=0.0000
2026-02-20 14:27:08,439 [INFO]   [lr0.0005_ema0.85_img128_pw9] Epoch 10/10: Train=0.1792, Val=0.4823, IoU=0.0000
2026-02-20 14:27:08,687 [INFO]   [lr0.0005_ema0.85_img128_pw9] Best IoU: 0.0000 | Time: 27.6s | Saved: guided_box_ijmond/grid_search/lr0.0005_ema0.85_img128_pw9.pth
2026-02-20 14:27:08,699 [INFO] 
======================================================================
2026-02-20 14:27:08,699 [INFO] [77/108]
2026-02-20 14:27:08,699 [INFO] ======================================================================
2026-02-20 14:27:08,699 [INFO] Starting run: lr0.0005_ema0.85_img256_pw3
2026-02-20 14:27:12,561 [INFO]   [lr0.0005_ema0.85_img256_pw3] Epoch 1/10: Train=39.7854, Val=0.7018, IoU=0.0000
2026-02-20 14:27:15,533 [INFO]   [lr0.0005_ema0.85_img256_pw3] Epoch 2/10: Train=0.2625, Val=0.6799, IoU=0.0001
2026-02-20 14:27:18,646 [INFO]   [lr0.0005_ema0.85_img256_pw3] Epoch 3/10: Train=0.2131, Val=0.2440, IoU=0.0000
2026-02-20 14:27:21,625 [INFO]   [lr0.0005_ema0.85_img256_pw3] Epoch 4/10: Train=0.0894, Val=0.2274, IoU=0.0000
2026-02-20 14:27:24,596 [INFO]   [lr0.0005_ema0.85_img256_pw3] Epoch 5/10: Train=0.0813, Val=0.2210, IoU=0.0000
2026-02-20 14:27:27,572 [INFO]   [lr0.0005_ema0.85_img256_pw3] Epoch 6/10: Train=0.0790, Val=0.2178, IoU=0.0000
2026-02-20 14:27:30,552 [INFO]   [lr0.0005_ema0.85_img256_pw3] Epoch 7/10: Train=0.0767, Val=0.2085, IoU=0.0000
2026-02-20 14:27:33,498 [INFO]   [lr0.0005_ema0.85_img256_pw3] Epoch 8/10: Train=0.0738, Val=0.1997, IoU=0.0000
2026-02-20 14:27:36,450 [INFO]   [lr0.0005_ema0.85_img256_pw3] Epoch 9/10: Train=0.0696, Val=0.1903, IoU=0.0000
2026-02-20 14:27:39,421 [INFO]   [lr0.0005_ema0.85_img256_pw3] Epoch 10/10: Train=0.0705, Val=0.1945, IoU=0.0000
2026-02-20 14:27:39,669 [INFO]   [lr0.0005_ema0.85_img256_pw3] Best IoU: 0.0001 | Time: 30.7s | Saved: guided_box_ijmond/grid_search/lr0.0005_ema0.85_img256_pw3.pth
2026-02-20 14:27:39,680 [INFO] 
======================================================================
2026-02-20 14:27:39,680 [INFO] [78/108]
2026-02-20 14:27:39,680 [INFO] ======================================================================
2026-02-20 14:27:39,680 [INFO] Starting run: lr0.0005_ema0.85_img256_pw5
2026-02-20 14:27:43,515 [INFO]   [lr0.0005_ema0.85_img256_pw5] Epoch 1/10: Train=14.8996, Val=0.6625, IoU=0.0266
2026-02-20 14:27:46,670 [INFO]   [lr0.0005_ema0.85_img256_pw5] Epoch 2/10: Train=0.2406, Val=0.4898, IoU=0.0000
2026-02-20 14:27:49,688 [INFO]   [lr0.0005_ema0.85_img256_pw5] Epoch 3/10: Train=0.1595, Val=0.3487, IoU=0.0000
2026-02-20 14:27:52,663 [INFO]   [lr0.0005_ema0.85_img256_pw5] Epoch 4/10: Train=0.1267, Val=0.3402, IoU=0.0000
2026-02-20 14:27:55,640 [INFO]   [lr0.0005_ema0.85_img256_pw5] Epoch 5/10: Train=0.1243, Val=0.3277, IoU=0.0000
2026-02-20 14:27:58,605 [INFO]   [lr0.0005_ema0.85_img256_pw5] Epoch 6/10: Train=0.1178, Val=0.3177, IoU=0.0000
2026-02-20 14:28:01,595 [INFO]   [lr0.0005_ema0.85_img256_pw5] Epoch 7/10: Train=0.1133, Val=0.3127, IoU=0.0000
2026-02-20 14:28:04,584 [INFO]   [lr0.0005_ema0.85_img256_pw5] Epoch 8/10: Train=0.1101, Val=0.3103, IoU=0.0000
2026-02-20 14:28:07,579 [INFO]   [lr0.0005_ema0.85_img256_pw5] Epoch 9/10: Train=0.1090, Val=0.3083, IoU=0.0000
2026-02-20 14:28:10,548 [INFO]   [lr0.0005_ema0.85_img256_pw5] Epoch 10/10: Train=0.1073, Val=0.3011, IoU=0.0000
2026-02-20 14:28:10,796 [INFO]   [lr0.0005_ema0.85_img256_pw5] Best IoU: 0.0266 | Time: 30.9s | Saved: guided_box_ijmond/grid_search/lr0.0005_ema0.85_img256_pw5.pth
2026-02-20 14:28:10,808 [INFO] 
======================================================================
2026-02-20 14:28:10,808 [INFO] [79/108]
2026-02-20 14:28:10,808 [INFO] ======================================================================
2026-02-20 14:28:10,808 [INFO] Starting run: lr0.0005_ema0.85_img256_pw7
2026-02-20 14:28:14,722 [INFO]   [lr0.0005_ema0.85_img256_pw7] Epoch 1/10: Train=24.1002, Val=0.4568, IoU=0.0000
2026-02-20 14:28:17,710 [INFO]   [lr0.0005_ema0.85_img256_pw7] Epoch 2/10: Train=0.1619, Val=0.4116, IoU=0.0000
2026-02-20 14:28:20,682 [INFO]   [lr0.0005_ema0.85_img256_pw7] Epoch 3/10: Train=0.1509, Val=0.4019, IoU=0.0000
2026-02-20 14:28:23,665 [INFO]   [lr0.0005_ema0.85_img256_pw7] Epoch 4/10: Train=0.1443, Val=0.3886, IoU=0.0000
2026-02-20 14:28:26,629 [INFO]   [lr0.0005_ema0.85_img256_pw7] Epoch 5/10: Train=0.1409, Val=0.3783, IoU=0.0000
2026-02-20 14:28:29,574 [INFO]   [lr0.0005_ema0.85_img256_pw7] Epoch 6/10: Train=0.1380, Val=0.3672, IoU=0.0000
2026-02-20 14:28:32,567 [INFO]   [lr0.0005_ema0.85_img256_pw7] Epoch 7/10: Train=0.1339, Val=0.3587, IoU=0.0000
2026-02-20 14:28:35,557 [INFO]   [lr0.0005_ema0.85_img256_pw7] Epoch 8/10: Train=0.1272, Val=0.3430, IoU=0.0003
2026-02-20 14:28:38,551 [INFO]   [lr0.0005_ema0.85_img256_pw7] Epoch 9/10: Train=0.1235, Val=0.3316, IoU=0.0176
2026-02-20 14:28:41,575 [INFO]   [lr0.0005_ema0.85_img256_pw7] Epoch 10/10: Train=0.1295, Val=0.3340, IoU=0.0760
2026-02-20 14:28:41,819 [INFO]   [lr0.0005_ema0.85_img256_pw7] Best IoU: 0.0760 | Time: 30.8s | Saved: guided_box_ijmond/grid_search/lr0.0005_ema0.85_img256_pw7.pth
2026-02-20 14:28:41,831 [INFO] 
======================================================================
2026-02-20 14:28:41,831 [INFO] [80/108]
2026-02-20 14:28:41,831 [INFO] ======================================================================
2026-02-20 14:28:41,831 [INFO] Starting run: lr0.0005_ema0.85_img256_pw9
2026-02-20 14:28:45,700 [INFO]   [lr0.0005_ema0.85_img256_pw9] Epoch 1/10: Train=72.0393, Val=0.7143, IoU=0.0264
2026-02-20 14:28:48,856 [INFO]   [lr0.0005_ema0.85_img256_pw9] Epoch 2/10: Train=0.2764, Val=0.5501, IoU=0.0040
2026-02-20 14:28:52,021 [INFO]   [lr0.0005_ema0.85_img256_pw9] Epoch 3/10: Train=0.2409, Val=0.5516, IoU=0.0101
2026-02-20 14:28:55,179 [INFO]   [lr0.0005_ema0.85_img256_pw9] Epoch 4/10: Train=0.2336, Val=0.5653, IoU=0.0159
2026-02-20 14:28:58,363 [INFO]   [lr0.0005_ema0.85_img256_pw9] Epoch 5/10: Train=0.2287, Val=0.5511, IoU=0.0161
2026-02-20 14:29:01,542 [INFO]   [lr0.0005_ema0.85_img256_pw9] Epoch 6/10: Train=0.2241, Val=0.5439, IoU=0.0171
2026-02-20 14:29:04,724 [INFO]   [lr0.0005_ema0.85_img256_pw9] Epoch 7/10: Train=0.2177, Val=0.5505, IoU=0.0198
2026-02-20 14:29:07,910 [INFO]   [lr0.0005_ema0.85_img256_pw9] Epoch 8/10: Train=0.2672, Val=0.5570, IoU=0.0099
2026-02-20 14:29:11,103 [INFO]   [lr0.0005_ema0.85_img256_pw9] Epoch 9/10: Train=0.2282, Val=0.5403, IoU=0.0167
2026-02-20 14:29:14,308 [INFO]   [lr0.0005_ema0.85_img256_pw9] Epoch 10/10: Train=0.2165, Val=0.5348, IoU=0.0215
2026-02-20 14:29:14,552 [INFO]   [lr0.0005_ema0.85_img256_pw9] Best IoU: 0.0264 | Time: 32.5s | Saved: guided_box_ijmond/grid_search/lr0.0005_ema0.85_img256_pw9.pth
2026-02-20 14:29:14,564 [INFO] 
======================================================================
2026-02-20 14:29:14,564 [INFO] [81/108]
2026-02-20 14:29:14,564 [INFO] ======================================================================
2026-02-20 14:29:14,564 [INFO] Starting run: lr0.0005_ema0.85_img512_pw3
2026-02-20 14:29:21,231 [INFO]   [lr0.0005_ema0.85_img512_pw3] Epoch 1/10: Train=98.5968, Val=0.7082, IoU=0.0000
2026-02-20 14:29:27,055 [INFO]   [lr0.0005_ema0.85_img512_pw3] Epoch 2/10: Train=0.2595, Val=0.6929, IoU=0.0000
2026-02-20 14:29:32,936 [INFO]   [lr0.0005_ema0.85_img512_pw3] Epoch 3/10: Train=0.2551, Val=0.6643, IoU=0.0000
2026-02-20 14:29:38,786 [INFO]   [lr0.0005_ema0.85_img512_pw3] Epoch 4/10: Train=0.2466, Val=0.6248, IoU=0.0000
2026-02-20 14:29:44,638 [INFO]   [lr0.0005_ema0.85_img512_pw3] Epoch 5/10: Train=0.2172, Val=0.5609, IoU=0.0000
2026-02-20 14:29:50,486 [INFO]   [lr0.0005_ema0.85_img512_pw3] Epoch 6/10: Train=0.1943, Val=0.5010, IoU=0.0000
2026-02-20 14:29:56,361 [INFO]   [lr0.0005_ema0.85_img512_pw3] Epoch 7/10: Train=0.1734, Val=0.4467, IoU=0.0000
2026-02-20 14:30:02,241 [INFO]   [lr0.0005_ema0.85_img512_pw3] Epoch 8/10: Train=0.1549, Val=0.3995, IoU=0.0000
2026-02-20 14:30:08,137 [INFO]   [lr0.0005_ema0.85_img512_pw3] Epoch 9/10: Train=0.1391, Val=0.3600, IoU=0.0000
2026-02-20 14:30:14,033 [INFO]   [lr0.0005_ema0.85_img512_pw3] Epoch 10/10: Train=0.1261, Val=0.3277, IoU=0.0000
2026-02-20 14:30:14,286 [INFO]   [lr0.0005_ema0.85_img512_pw3] Best IoU: 0.0000 | Time: 59.5s | Saved: guided_box_ijmond/grid_search/lr0.0005_ema0.85_img512_pw3.pth
2026-02-20 14:30:14,297 [INFO] 
======================================================================
2026-02-20 14:30:14,297 [INFO] [82/108]
2026-02-20 14:30:14,297 [INFO] ======================================================================
2026-02-20 14:30:14,297 [INFO] Starting run: lr0.0005_ema0.85_img512_pw5
2026-02-20 14:30:21,152 [INFO]   [lr0.0005_ema0.85_img512_pw5] Epoch 1/10: Train=98.4730, Val=0.5785, IoU=0.0000
2026-02-20 14:30:27,186 [INFO]   [lr0.0005_ema0.85_img512_pw5] Epoch 2/10: Train=0.2132, Val=0.3362, IoU=0.0000
2026-02-20 14:30:33,071 [INFO]   [lr0.0005_ema0.85_img512_pw5] Epoch 3/10: Train=0.1240, Val=0.3270, IoU=0.0000
2026-02-20 14:30:38,959 [INFO]   [lr0.0005_ema0.85_img512_pw5] Epoch 4/10: Train=0.1211, Val=0.3147, IoU=0.0000
2026-02-20 14:30:44,876 [INFO]   [lr0.0005_ema0.85_img512_pw5] Epoch 5/10: Train=0.1174, Val=0.3068, IoU=0.0000
2026-02-20 14:30:50,787 [INFO]   [lr0.0005_ema0.85_img512_pw5] Epoch 6/10: Train=0.1112, Val=0.2873, IoU=0.0000
2026-02-20 14:30:56,741 [INFO]   [lr0.0005_ema0.85_img512_pw5] Epoch 7/10: Train=0.1125, Val=0.2720, IoU=0.0536
2026-02-20 14:31:02,702 [INFO]   [lr0.0005_ema0.85_img512_pw5] Epoch 8/10: Train=0.1090, Val=0.2580, IoU=0.1129
2026-02-20 14:31:08,738 [INFO]   [lr0.0005_ema0.85_img512_pw5] Epoch 9/10: Train=0.1115, Val=0.2994, IoU=0.0838
2026-02-20 14:31:14,812 [INFO]   [lr0.0005_ema0.85_img512_pw5] Epoch 10/10: Train=0.1229, Val=0.3163, IoU=0.0859
2026-02-20 14:31:15,062 [INFO]   [lr0.0005_ema0.85_img512_pw5] Best IoU: 0.1129 | Time: 60.5s | Saved: guided_box_ijmond/grid_search/lr0.0005_ema0.85_img512_pw5.pth
2026-02-20 14:31:15,074 [INFO] 
======================================================================
2026-02-20 14:31:15,074 [INFO] [83/108]
2026-02-20 14:31:15,074 [INFO] ======================================================================
2026-02-20 14:31:15,074 [INFO] Starting run: lr0.0005_ema0.85_img512_pw7
2026-02-20 14:31:21,762 [INFO]   [lr0.0005_ema0.85_img512_pw7] Epoch 1/10: Train=76.1575, Val=0.7248, IoU=0.0000
2026-02-20 14:31:27,633 [INFO]   [lr0.0005_ema0.85_img512_pw7] Epoch 2/10: Train=0.2543, Val=0.6053, IoU=0.0000
2026-02-20 14:31:33,502 [INFO]   [lr0.0005_ema0.85_img512_pw7] Epoch 3/10: Train=0.1963, Val=0.4730, IoU=0.0000
2026-02-20 14:31:39,387 [INFO]   [lr0.0005_ema0.85_img512_pw7] Epoch 4/10: Train=0.1628, Val=0.4220, IoU=0.0000
2026-02-20 14:31:45,259 [INFO]   [lr0.0005_ema0.85_img512_pw7] Epoch 5/10: Train=0.1535, Val=0.4111, IoU=0.0000
2026-02-20 14:31:51,126 [INFO]   [lr0.0005_ema0.85_img512_pw7] Epoch 6/10: Train=0.1514, Val=0.4085, IoU=0.0000
2026-02-20 14:31:57,036 [INFO]   [lr0.0005_ema0.85_img512_pw7] Epoch 7/10: Train=0.1509, Val=0.4078, IoU=0.0000
2026-02-20 14:32:02,920 [INFO]   [lr0.0005_ema0.85_img512_pw7] Epoch 8/10: Train=0.1508, Val=0.4078, IoU=0.0000
2026-02-20 14:32:08,817 [INFO]   [lr0.0005_ema0.85_img512_pw7] Epoch 9/10: Train=0.1508, Val=0.4077, IoU=0.0000
2026-02-20 14:32:14,699 [INFO]   [lr0.0005_ema0.85_img512_pw7] Epoch 10/10: Train=0.1508, Val=0.4077, IoU=0.0000
2026-02-20 14:32:14,949 [INFO]   [lr0.0005_ema0.85_img512_pw7] Best IoU: 0.0000 | Time: 59.6s | Saved: guided_box_ijmond/grid_search/lr0.0005_ema0.85_img512_pw7.pth
2026-02-20 14:32:14,961 [INFO] 
======================================================================
2026-02-20 14:32:14,962 [INFO] [84/108]
2026-02-20 14:32:14,962 [INFO] ======================================================================
2026-02-20 14:32:14,962 [INFO] Starting run: lr0.0005_ema0.85_img512_pw9
2026-02-20 14:32:21,765 [INFO]   [lr0.0005_ema0.85_img512_pw9] Epoch 1/10: Train=34.6565, Val=0.7122, IoU=0.0000
2026-02-20 14:32:27,810 [INFO]   [lr0.0005_ema0.85_img512_pw9] Epoch 2/10: Train=0.2714, Val=0.5524, IoU=0.0000
2026-02-20 14:32:33,668 [INFO]   [lr0.0005_ema0.85_img512_pw9] Epoch 3/10: Train=0.1892, Val=0.5038, IoU=0.0000
2026-02-20 14:32:39,539 [INFO]   [lr0.0005_ema0.85_img512_pw9] Epoch 4/10: Train=0.1822, Val=0.4925, IoU=0.0000
2026-02-20 14:32:45,433 [INFO]   [lr0.0005_ema0.85_img512_pw9] Epoch 5/10: Train=0.1799, Val=0.4854, IoU=0.0000
2026-02-20 14:32:51,330 [INFO]   [lr0.0005_ema0.85_img512_pw9] Epoch 6/10: Train=0.1784, Val=0.4746, IoU=0.0000
2026-02-20 14:32:57,244 [INFO]   [lr0.0005_ema0.85_img512_pw9] Epoch 7/10: Train=0.1748, Val=0.4661, IoU=0.0000
2026-02-20 14:33:03,171 [INFO]   [lr0.0005_ema0.85_img512_pw9] Epoch 8/10: Train=0.1725, Val=0.4616, IoU=0.0000
2026-02-20 14:33:09,088 [INFO]   [lr0.0005_ema0.85_img512_pw9] Epoch 9/10: Train=0.1696, Val=0.4548, IoU=0.0000
2026-02-20 14:33:15,015 [INFO]   [lr0.0005_ema0.85_img512_pw9] Epoch 10/10: Train=0.1699, Val=0.4548, IoU=0.0000
2026-02-20 14:33:15,267 [INFO]   [lr0.0005_ema0.85_img512_pw9] Best IoU: 0.0000 | Time: 60.1s | Saved: guided_box_ijmond/grid_search/lr0.0005_ema0.85_img512_pw9.pth
2026-02-20 14:33:15,279 [INFO] 
======================================================================
2026-02-20 14:33:15,279 [INFO] [85/108]
2026-02-20 14:33:15,279 [INFO] ======================================================================
2026-02-20 14:33:15,279 [INFO] Starting run: lr0.0005_ema0.9_img128_pw3
2026-02-20 14:33:18,668 [INFO]   [lr0.0005_ema0.9_img128_pw3] Epoch 1/10: Train=31.9872, Val=0.6459, IoU=0.0000
2026-02-20 14:33:21,297 [INFO]   [lr0.0005_ema0.9_img128_pw3] Epoch 2/10: Train=0.2067, Val=0.4573, IoU=0.0000
2026-02-20 14:33:23,905 [INFO]   [lr0.0005_ema0.9_img128_pw3] Epoch 3/10: Train=0.1404, Val=0.3177, IoU=0.0000
2026-02-20 14:33:26,524 [INFO]   [lr0.0005_ema0.9_img128_pw3] Epoch 4/10: Train=0.1044, Val=0.2564, IoU=0.0000
2026-02-20 14:33:29,142 [INFO]   [lr0.0005_ema0.9_img128_pw3] Epoch 5/10: Train=0.0900, Val=0.2336, IoU=0.0000
2026-02-20 14:33:31,746 [INFO]   [lr0.0005_ema0.9_img128_pw3] Epoch 6/10: Train=0.0848, Val=0.2249, IoU=0.0000
2026-02-20 14:33:34,347 [INFO]   [lr0.0005_ema0.9_img128_pw3] Epoch 7/10: Train=0.0829, Val=0.2219, IoU=0.0000
2026-02-20 14:33:36,959 [INFO]   [lr0.0005_ema0.9_img128_pw3] Epoch 8/10: Train=0.0822, Val=0.2207, IoU=0.0000
2026-02-20 14:33:39,570 [INFO]   [lr0.0005_ema0.9_img128_pw3] Epoch 9/10: Train=0.0820, Val=0.2203, IoU=0.0000
2026-02-20 14:33:42,167 [INFO]   [lr0.0005_ema0.9_img128_pw3] Epoch 10/10: Train=0.0819, Val=0.2201, IoU=0.0000
2026-02-20 14:33:42,410 [INFO]   [lr0.0005_ema0.9_img128_pw3] Best IoU: 0.0000 | Time: 26.9s | Saved: guided_box_ijmond/grid_search/lr0.0005_ema0.9_img128_pw3.pth
2026-02-20 14:33:42,422 [INFO] 
======================================================================
2026-02-20 14:33:42,423 [INFO] [86/108]
2026-02-20 14:33:42,423 [INFO] ======================================================================
2026-02-20 14:33:42,423 [INFO] Starting run: lr0.0005_ema0.9_img128_pw5
2026-02-20 14:33:45,847 [INFO]   [lr0.0005_ema0.9_img128_pw5] Epoch 1/10: Train=27.8185, Val=0.5715, IoU=0.0000
2026-02-20 14:33:48,519 [INFO]   [lr0.0005_ema0.9_img128_pw5] Epoch 2/10: Train=0.1767, Val=0.3575, IoU=0.0000
2026-02-20 14:33:51,141 [INFO]   [lr0.0005_ema0.9_img128_pw5] Epoch 3/10: Train=0.1288, Val=0.3330, IoU=0.0000
2026-02-20 14:33:53,743 [INFO]   [lr0.0005_ema0.9_img128_pw5] Epoch 4/10: Train=0.1130, Val=0.3200, IoU=0.0000
2026-02-20 14:33:56,348 [INFO]   [lr0.0005_ema0.9_img128_pw5] Epoch 5/10: Train=0.1039, Val=0.3099, IoU=0.0000
2026-02-20 14:33:58,959 [INFO]   [lr0.0005_ema0.9_img128_pw5] Epoch 6/10: Train=0.0959, Val=0.3146, IoU=0.0000
2026-02-20 14:34:01,573 [INFO]   [lr0.0005_ema0.9_img128_pw5] Epoch 7/10: Train=0.0895, Val=0.3135, IoU=0.0000
2026-02-20 14:34:04,188 [INFO]   [lr0.0005_ema0.9_img128_pw5] Epoch 8/10: Train=0.0871, Val=0.3329, IoU=0.0000
2026-02-20 14:34:06,829 [INFO]   [lr0.0005_ema0.9_img128_pw5] Epoch 9/10: Train=0.0852, Val=0.3307, IoU=0.0000
2026-02-20 14:34:09,567 [INFO]   [lr0.0005_ema0.9_img128_pw5] Epoch 10/10: Train=0.1220, Val=0.3646, IoU=0.0372
2026-02-20 14:34:09,813 [INFO]   [lr0.0005_ema0.9_img128_pw5] Best IoU: 0.0372 | Time: 27.1s | Saved: guided_box_ijmond/grid_search/lr0.0005_ema0.9_img128_pw5.pth
2026-02-20 14:34:09,825 [INFO] 
======================================================================
2026-02-20 14:34:09,826 [INFO] [87/108]
2026-02-20 14:34:09,826 [INFO] ======================================================================
2026-02-20 14:34:09,826 [INFO] Starting run: lr0.0005_ema0.9_img128_pw7
2026-02-20 14:34:13,256 [INFO]   [lr0.0005_ema0.9_img128_pw7] Epoch 1/10: Train=32.3683, Val=0.7687, IoU=0.0000
2026-02-20 14:34:15,851 [INFO]   [lr0.0005_ema0.9_img128_pw7] Epoch 2/10: Train=0.2808, Val=0.7493, IoU=0.0000
2026-02-20 14:34:18,434 [INFO]   [lr0.0005_ema0.9_img128_pw7] Epoch 3/10: Train=0.2756, Val=0.7135, IoU=0.0000
2026-02-20 14:34:21,031 [INFO]   [lr0.0005_ema0.9_img128_pw7] Epoch 4/10: Train=0.2589, Val=0.6560, IoU=0.0000
2026-02-20 14:34:23,638 [INFO]   [lr0.0005_ema0.9_img128_pw7] Epoch 5/10: Train=0.2278, Val=0.5859, IoU=0.0000
2026-02-20 14:34:26,244 [INFO]   [lr0.0005_ema0.9_img128_pw7] Epoch 6/10: Train=0.2051, Val=0.5310, IoU=0.0000
2026-02-20 14:34:28,856 [INFO]   [lr0.0005_ema0.9_img128_pw7] Epoch 7/10: Train=0.1877, Val=0.4892, IoU=0.0000
2026-02-20 14:34:31,480 [INFO]   [lr0.0005_ema0.9_img128_pw7] Epoch 8/10: Train=0.1750, Val=0.4611, IoU=0.0000
2026-02-20 14:34:34,102 [INFO]   [lr0.0005_ema0.9_img128_pw7] Epoch 9/10: Train=0.1664, Val=0.4414, IoU=0.0000
2026-02-20 14:34:36,719 [INFO]   [lr0.0005_ema0.9_img128_pw7] Epoch 10/10: Train=0.1606, Val=0.4285, IoU=0.0000
2026-02-20 14:34:36,964 [INFO]   [lr0.0005_ema0.9_img128_pw7] Best IoU: 0.0000 | Time: 26.9s | Saved: guided_box_ijmond/grid_search/lr0.0005_ema0.9_img128_pw7.pth
2026-02-20 14:34:36,977 [INFO] 
======================================================================
2026-02-20 14:34:36,977 [INFO] [88/108]
2026-02-20 14:34:36,977 [INFO] ======================================================================
2026-02-20 14:34:36,977 [INFO] Starting run: lr0.0005_ema0.9_img128_pw9
2026-02-20 14:34:40,458 [INFO]   [lr0.0005_ema0.9_img128_pw9] Epoch 1/10: Train=23.3275, Val=0.5718, IoU=0.0000
2026-02-20 14:34:43,081 [INFO]   [lr0.0005_ema0.9_img128_pw9] Epoch 2/10: Train=0.1918, Val=0.4917, IoU=0.0000
2026-02-20 14:34:45,700 [INFO]   [lr0.0005_ema0.9_img128_pw9] Epoch 3/10: Train=0.1703, Val=0.4548, IoU=0.0000
2026-02-20 14:34:48,314 [INFO]   [lr0.0005_ema0.9_img128_pw9] Epoch 4/10: Train=0.1540, Val=0.4423, IoU=0.0000
2026-02-20 14:34:50,955 [INFO]   [lr0.0005_ema0.9_img128_pw9] Epoch 5/10: Train=0.1448, Val=0.4571, IoU=0.0000
2026-02-20 14:34:53,581 [INFO]   [lr0.0005_ema0.9_img128_pw9] Epoch 6/10: Train=0.1365, Val=0.4531, IoU=0.0000
2026-02-20 14:34:56,266 [INFO]   [lr0.0005_ema0.9_img128_pw9] Epoch 7/10: Train=0.1368, Val=0.4379, IoU=0.0329
2026-02-20 14:34:59,076 [INFO]   [lr0.0005_ema0.9_img128_pw9] Epoch 8/10: Train=0.1756, Val=0.5065, IoU=0.0443
2026-02-20 14:35:01,887 [INFO]   [lr0.0005_ema0.9_img128_pw9] Epoch 9/10: Train=0.1664, Val=0.5162, IoU=0.0501
2026-02-20 14:35:04,679 [INFO]   [lr0.0005_ema0.9_img128_pw9] Epoch 10/10: Train=0.1585, Val=0.5118, IoU=0.0469
2026-02-20 14:35:04,922 [INFO]   [lr0.0005_ema0.9_img128_pw9] Best IoU: 0.0501 | Time: 27.7s | Saved: guided_box_ijmond/grid_search/lr0.0005_ema0.9_img128_pw9.pth
2026-02-20 14:35:04,934 [INFO] 
======================================================================
2026-02-20 14:35:04,934 [INFO] [89/108]
2026-02-20 14:35:04,934 [INFO] ======================================================================
2026-02-20 14:35:04,934 [INFO] Starting run: lr0.0005_ema0.9_img256_pw3
2026-02-20 14:35:08,724 [INFO]   [lr0.0005_ema0.9_img256_pw3] Epoch 1/10: Train=80.1635, Val=0.6958, IoU=0.0000
2026-02-20 14:35:11,807 [INFO]   [lr0.0005_ema0.9_img256_pw3] Epoch 2/10: Train=0.2607, Val=0.4720, IoU=0.0000
2026-02-20 14:35:14,872 [INFO]   [lr0.0005_ema0.9_img256_pw3] Epoch 3/10: Train=0.1391, Val=0.2468, IoU=0.0000
2026-02-20 14:35:17,875 [INFO]   [lr0.0005_ema0.9_img256_pw3] Epoch 4/10: Train=0.1004, Val=0.2334, IoU=0.0000
2026-02-20 14:35:20,906 [INFO]   [lr0.0005_ema0.9_img256_pw3] Epoch 5/10: Train=0.0965, Val=0.2245, IoU=0.0000
2026-02-20 14:35:23,969 [INFO]   [lr0.0005_ema0.9_img256_pw3] Epoch 6/10: Train=0.1095, Val=0.2654, IoU=0.0212
2026-02-20 14:35:27,133 [INFO]   [lr0.0005_ema0.9_img256_pw3] Epoch 7/10: Train=0.1344, Val=0.3058, IoU=0.0160
2026-02-20 14:35:30,310 [INFO]   [lr0.0005_ema0.9_img256_pw3] Epoch 8/10: Train=0.1315, Val=0.2982, IoU=0.0172
2026-02-20 14:35:33,481 [INFO]   [lr0.0005_ema0.9_img256_pw3] Epoch 9/10: Train=0.1267, Val=0.2898, IoU=0.0237
2026-02-20 14:35:36,663 [INFO]   [lr0.0005_ema0.9_img256_pw3] Epoch 10/10: Train=0.1247, Val=0.2873, IoU=0.0264
2026-02-20 14:35:36,909 [INFO]   [lr0.0005_ema0.9_img256_pw3] Best IoU: 0.0264 | Time: 31.7s | Saved: guided_box_ijmond/grid_search/lr0.0005_ema0.9_img256_pw3.pth
2026-02-20 14:35:36,921 [INFO] 
======================================================================
2026-02-20 14:35:36,921 [INFO] [90/108]
2026-02-20 14:35:36,921 [INFO] ======================================================================
2026-02-20 14:35:36,921 [INFO] Starting run: lr0.0005_ema0.9_img256_pw5
2026-02-20 14:35:40,741 [INFO]   [lr0.0005_ema0.9_img256_pw5] Epoch 1/10: Train=27.1009, Val=0.7150, IoU=0.0000
2026-02-20 14:35:43,830 [INFO]   [lr0.0005_ema0.9_img256_pw5] Epoch 2/10: Train=0.2167, Val=0.3508, IoU=0.0000
2026-02-20 14:35:46,805 [INFO]   [lr0.0005_ema0.9_img256_pw5] Epoch 3/10: Train=0.1298, Val=0.3408, IoU=0.0000
2026-02-20 14:35:49,804 [INFO]   [lr0.0005_ema0.9_img256_pw5] Epoch 4/10: Train=0.1238, Val=0.3336, IoU=0.0000
2026-02-20 14:35:52,794 [INFO]   [lr0.0005_ema0.9_img256_pw5] Epoch 5/10: Train=0.1225, Val=0.3288, IoU=0.0000
2026-02-20 14:35:55,755 [INFO]   [lr0.0005_ema0.9_img256_pw5] Epoch 6/10: Train=0.1200, Val=0.3218, IoU=0.0000
2026-02-20 14:35:58,732 [INFO]   [lr0.0005_ema0.9_img256_pw5] Epoch 7/10: Train=0.1166, Val=0.3142, IoU=0.0000
2026-02-20 14:36:01,748 [INFO]   [lr0.0005_ema0.9_img256_pw5] Epoch 8/10: Train=0.1135, Val=0.3075, IoU=0.0000
2026-02-20 14:36:04,742 [INFO]   [lr0.0005_ema0.9_img256_pw5] Epoch 9/10: Train=0.1114, Val=0.2980, IoU=0.0000
2026-02-20 14:36:07,750 [INFO]   [lr0.0005_ema0.9_img256_pw5] Epoch 10/10: Train=0.1063, Val=0.2938, IoU=0.0000
2026-02-20 14:36:07,996 [INFO]   [lr0.0005_ema0.9_img256_pw5] Best IoU: 0.0000 | Time: 30.8s | Saved: guided_box_ijmond/grid_search/lr0.0005_ema0.9_img256_pw5.pth
2026-02-20 14:36:08,009 [INFO] 
======================================================================
2026-02-20 14:36:08,009 [INFO] [91/108]
2026-02-20 14:36:08,009 [INFO] ======================================================================
2026-02-20 14:36:08,009 [INFO] Starting run: lr0.0005_ema0.9_img256_pw7
2026-02-20 14:36:11,883 [INFO]   [lr0.0005_ema0.9_img256_pw7] Epoch 1/10: Train=62.3052, Val=0.4837, IoU=0.0000
2026-02-20 14:36:14,844 [INFO]   [lr0.0005_ema0.9_img256_pw7] Epoch 2/10: Train=0.1618, Val=0.4180, IoU=0.0000
2026-02-20 14:36:17,810 [INFO]   [lr0.0005_ema0.9_img256_pw7] Epoch 3/10: Train=0.1503, Val=0.4035, IoU=0.0000
2026-02-20 14:36:20,783 [INFO]   [lr0.0005_ema0.9_img256_pw7] Epoch 4/10: Train=0.1442, Val=0.3934, IoU=0.0000
2026-02-20 14:36:23,756 [INFO]   [lr0.0005_ema0.9_img256_pw7] Epoch 5/10: Train=0.1383, Val=0.3824, IoU=0.0000
2026-02-20 14:36:26,757 [INFO]   [lr0.0005_ema0.9_img256_pw7] Epoch 6/10: Train=0.1301, Val=0.3739, IoU=0.0000
2026-02-20 14:36:29,722 [INFO]   [lr0.0005_ema0.9_img256_pw7] Epoch 7/10: Train=0.1209, Val=0.3556, IoU=0.0000
2026-02-20 14:36:32,717 [INFO]   [lr0.0005_ema0.9_img256_pw7] Epoch 8/10: Train=0.1109, Val=0.3556, IoU=0.0000
2026-02-20 14:36:35,692 [INFO]   [lr0.0005_ema0.9_img256_pw7] Epoch 9/10: Train=0.1060, Val=0.3461, IoU=0.0000
2026-02-20 14:36:38,701 [INFO]   [lr0.0005_ema0.9_img256_pw7] Epoch 10/10: Train=0.1029, Val=0.3550, IoU=0.0000
2026-02-20 14:36:38,958 [INFO]   [lr0.0005_ema0.9_img256_pw7] Best IoU: 0.0000 | Time: 30.7s | Saved: guided_box_ijmond/grid_search/lr0.0005_ema0.9_img256_pw7.pth
2026-02-20 14:36:38,971 [INFO] 
======================================================================
2026-02-20 14:36:38,971 [INFO] [92/108]
2026-02-20 14:36:38,971 [INFO] ======================================================================
2026-02-20 14:36:38,971 [INFO] Starting run: lr0.0005_ema0.9_img256_pw9
2026-02-20 14:36:42,845 [INFO]   [lr0.0005_ema0.9_img256_pw9] Epoch 1/10: Train=49.4041, Val=0.5068, IoU=0.0000
2026-02-20 14:36:45,833 [INFO]   [lr0.0005_ema0.9_img256_pw9] Epoch 2/10: Train=0.1856, Val=0.4883, IoU=0.0000
2026-02-20 14:36:48,830 [INFO]   [lr0.0005_ema0.9_img256_pw9] Epoch 3/10: Train=0.1754, Val=0.4668, IoU=0.0000
2026-02-20 14:36:51,836 [INFO]   [lr0.0005_ema0.9_img256_pw9] Epoch 4/10: Train=0.1653, Val=0.4505, IoU=0.0000
2026-02-20 14:36:54,832 [INFO]   [lr0.0005_ema0.9_img256_pw9] Epoch 5/10: Train=0.1534, Val=0.4205, IoU=0.0000
2026-02-20 14:36:57,810 [INFO]   [lr0.0005_ema0.9_img256_pw9] Epoch 6/10: Train=0.1427, Val=0.4141, IoU=0.0000
2026-02-20 14:37:00,781 [INFO]   [lr0.0005_ema0.9_img256_pw9] Epoch 7/10: Train=0.1303, Val=0.4090, IoU=0.0000
2026-02-20 14:37:03,761 [INFO]   [lr0.0005_ema0.9_img256_pw9] Epoch 8/10: Train=0.1301, Val=0.3853, IoU=0.0000
2026-02-20 14:37:06,776 [INFO]   [lr0.0005_ema0.9_img256_pw9] Epoch 9/10: Train=0.1261, Val=0.3888, IoU=0.0000
2026-02-20 14:37:09,837 [INFO]   [lr0.0005_ema0.9_img256_pw9] Epoch 10/10: Train=0.1243, Val=0.3897, IoU=0.0160
2026-02-20 14:37:10,101 [INFO]   [lr0.0005_ema0.9_img256_pw9] Best IoU: 0.0160 | Time: 30.9s | Saved: guided_box_ijmond/grid_search/lr0.0005_ema0.9_img256_pw9.pth
2026-02-20 14:37:10,113 [INFO] 
======================================================================
2026-02-20 14:37:10,113 [INFO] [93/108]
2026-02-20 14:37:10,114 [INFO] ======================================================================
2026-02-20 14:37:10,114 [INFO] Starting run: lr0.0005_ema0.9_img512_pw3
2026-02-20 14:37:16,791 [INFO]   [lr0.0005_ema0.9_img512_pw3] Epoch 1/10: Train=112.3692, Val=0.7078, IoU=0.0000
2026-02-20 14:37:22,657 [INFO]   [lr0.0005_ema0.9_img512_pw3] Epoch 2/10: Train=0.2594, Val=0.6909, IoU=0.0000
2026-02-20 14:37:28,550 [INFO]   [lr0.0005_ema0.9_img512_pw3] Epoch 3/10: Train=0.2540, Val=0.6533, IoU=0.0000
2026-02-20 14:37:34,446 [INFO]   [lr0.0005_ema0.9_img512_pw3] Epoch 4/10: Train=0.2346, Val=0.5891, IoU=0.0000
2026-02-20 14:37:40,351 [INFO]   [lr0.0005_ema0.9_img512_pw3] Epoch 5/10: Train=0.2013, Val=0.5108, IoU=0.0000
2026-02-20 14:37:46,258 [INFO]   [lr0.0005_ema0.9_img512_pw3] Epoch 6/10: Train=0.1742, Val=0.4411, IoU=0.0000
2026-02-20 14:37:52,146 [INFO]   [lr0.0005_ema0.9_img512_pw3] Epoch 7/10: Train=0.1509, Val=0.3834, IoU=0.0000
2026-02-20 14:37:58,042 [INFO]   [lr0.0005_ema0.9_img512_pw3] Epoch 8/10: Train=0.1320, Val=0.3376, IoU=0.0000
2026-02-20 14:38:03,922 [INFO]   [lr0.0005_ema0.9_img512_pw3] Epoch 9/10: Train=0.1175, Val=0.3031, IoU=0.0000
2026-02-20 14:38:09,832 [INFO]   [lr0.0005_ema0.9_img512_pw3] Epoch 10/10: Train=0.1067, Val=0.2784, IoU=0.0000
2026-02-20 14:38:10,096 [INFO]   [lr0.0005_ema0.9_img512_pw3] Best IoU: 0.0000 | Time: 59.7s | Saved: guided_box_ijmond/grid_search/lr0.0005_ema0.9_img512_pw3.pth
2026-02-20 14:38:10,108 [INFO] 
======================================================================
2026-02-20 14:38:10,108 [INFO] [94/108]
2026-02-20 14:38:10,108 [INFO] ======================================================================
2026-02-20 14:38:10,108 [INFO] Starting run: lr0.0005_ema0.9_img512_pw5
2026-02-20 14:38:16,901 [INFO]   [lr0.0005_ema0.9_img512_pw5] Epoch 1/10: Train=99.2787, Val=0.3269, IoU=0.0000
2026-02-20 14:38:22,795 [INFO]   [lr0.0005_ema0.9_img512_pw5] Epoch 2/10: Train=0.1186, Val=0.3171, IoU=0.0000
2026-02-20 14:38:28,718 [INFO]   [lr0.0005_ema0.9_img512_pw5] Epoch 3/10: Train=0.1161, Val=0.3070, IoU=0.0000
2026-02-20 14:38:34,640 [INFO]   [lr0.0005_ema0.9_img512_pw5] Epoch 4/10: Train=0.1126, Val=0.2985, IoU=0.0000
2026-02-20 14:38:40,552 [INFO]   [lr0.0005_ema0.9_img512_pw5] Epoch 5/10: Train=0.1097, Val=0.2885, IoU=0.0000
2026-02-20 14:38:46,494 [INFO]   [lr0.0005_ema0.9_img512_pw5] Epoch 6/10: Train=0.1065, Val=0.2770, IoU=0.0000
2026-02-20 14:38:52,393 [INFO]   [lr0.0005_ema0.9_img512_pw5] Epoch 7/10: Train=0.1016, Val=0.2647, IoU=0.0000
2026-02-20 14:38:58,323 [INFO]   [lr0.0005_ema0.9_img512_pw5] Epoch 8/10: Train=0.0900, Val=0.2418, IoU=0.0000
2026-02-20 14:39:04,309 [INFO]   [lr0.0005_ema0.9_img512_pw5] Epoch 9/10: Train=0.0978, Val=0.2307, IoU=0.0000
2026-02-20 14:39:10,341 [INFO]   [lr0.0005_ema0.9_img512_pw5] Epoch 10/10: Train=0.1078, Val=0.2303, IoU=0.1345
2026-02-20 14:39:10,591 [INFO]   [lr0.0005_ema0.9_img512_pw5] Best IoU: 0.1345 | Time: 60.2s | Saved: guided_box_ijmond/grid_search/lr0.0005_ema0.9_img512_pw5.pth
2026-02-20 14:39:10,604 [INFO] 
======================================================================
2026-02-20 14:39:10,604 [INFO] [95/108]
2026-02-20 14:39:10,604 [INFO] ======================================================================
2026-02-20 14:39:10,604 [INFO] Starting run: lr0.0005_ema0.9_img512_pw7
2026-02-20 14:39:17,284 [INFO]   [lr0.0005_ema0.9_img512_pw7] Epoch 1/10: Train=110.9206, Val=0.7867, IoU=0.0190
2026-02-20 14:39:23,144 [INFO]   [lr0.0005_ema0.9_img512_pw7] Epoch 2/10: Train=0.2726, Val=0.7682, IoU=0.0000
2026-02-20 14:39:29,005 [INFO]   [lr0.0005_ema0.9_img512_pw7] Epoch 3/10: Train=0.2786, Val=0.7261, IoU=0.0000
2026-02-20 14:39:34,873 [INFO]   [lr0.0005_ema0.9_img512_pw7] Epoch 4/10: Train=0.2626, Val=0.6571, IoU=0.0000
2026-02-20 14:39:40,775 [INFO]   [lr0.0005_ema0.9_img512_pw7] Epoch 5/10: Train=0.2243, Val=0.5668, IoU=0.0000
2026-02-20 14:39:46,715 [INFO]   [lr0.0005_ema0.9_img512_pw7] Epoch 6/10: Train=0.1960, Val=0.5033, IoU=0.0000
2026-02-20 14:39:52,659 [INFO]   [lr0.0005_ema0.9_img512_pw7] Epoch 7/10: Train=0.1769, Val=0.4612, IoU=0.0000
2026-02-20 14:39:58,559 [INFO]   [lr0.0005_ema0.9_img512_pw7] Epoch 8/10: Train=0.1652, Val=0.4365, IoU=0.0000
2026-02-20 14:40:04,460 [INFO]   [lr0.0005_ema0.9_img512_pw7] Epoch 9/10: Train=0.1585, Val=0.4231, IoU=0.0000
2026-02-20 14:40:10,387 [INFO]   [lr0.0005_ema0.9_img512_pw7] Epoch 10/10: Train=0.1548, Val=0.4162, IoU=0.0000
2026-02-20 14:40:10,656 [INFO]   [lr0.0005_ema0.9_img512_pw7] Best IoU: 0.0190 | Time: 59.8s | Saved: guided_box_ijmond/grid_search/lr0.0005_ema0.9_img512_pw7.pth
2026-02-20 14:40:10,668 [INFO] 
======================================================================
2026-02-20 14:40:10,668 [INFO] [96/108]
2026-02-20 14:40:10,668 [INFO] ======================================================================
2026-02-20 14:40:10,668 [INFO] Starting run: lr0.0005_ema0.9_img512_pw9
2026-02-20 14:40:17,366 [INFO]   [lr0.0005_ema0.9_img512_pw9] Epoch 1/10: Train=76.7144, Val=0.7841, IoU=0.0000
2026-02-20 14:40:23,235 [INFO]   [lr0.0005_ema0.9_img512_pw9] Epoch 2/10: Train=0.2894, Val=0.7761, IoU=0.0000
2026-02-20 14:40:29,108 [INFO]   [lr0.0005_ema0.9_img512_pw9] Epoch 3/10: Train=0.2868, Val=0.7539, IoU=0.0000
2026-02-20 14:40:34,997 [INFO]   [lr0.0005_ema0.9_img512_pw9] Epoch 4/10: Train=0.2815, Val=0.7207, IoU=0.0000
2026-02-20 14:40:40,902 [INFO]   [lr0.0005_ema0.9_img512_pw9] Epoch 5/10: Train=0.2527, Val=0.6548, IoU=0.0000
2026-02-20 14:40:46,821 [INFO]   [lr0.0005_ema0.9_img512_pw9] Epoch 6/10: Train=0.2303, Val=0.5997, IoU=0.0000
2026-02-20 14:40:52,727 [INFO]   [lr0.0005_ema0.9_img512_pw9] Epoch 7/10: Train=0.2132, Val=0.5609, IoU=0.0000
2026-02-20 14:40:58,638 [INFO]   [lr0.0005_ema0.9_img512_pw9] Epoch 8/10: Train=0.2012, Val=0.5341, IoU=0.0000
2026-02-20 14:41:04,571 [INFO]   [lr0.0005_ema0.9_img512_pw9] Epoch 9/10: Train=0.1932, Val=0.5159, IoU=0.0000
2026-02-20 14:41:10,471 [INFO]   [lr0.0005_ema0.9_img512_pw9] Epoch 10/10: Train=0.1879, Val=0.5040, IoU=0.0000
2026-02-20 14:41:10,721 [INFO]   [lr0.0005_ema0.9_img512_pw9] Best IoU: 0.0000 | Time: 59.8s | Saved: guided_box_ijmond/grid_search/lr0.0005_ema0.9_img512_pw9.pth
2026-02-20 14:41:10,735 [INFO] 
======================================================================
2026-02-20 14:41:10,735 [INFO] [97/108]
2026-02-20 14:41:10,735 [INFO] ======================================================================
2026-02-20 14:41:10,735 [INFO] Starting run: lr0.0005_ema0.95_img128_pw3
2026-02-20 14:41:14,155 [INFO]   [lr0.0005_ema0.95_img128_pw3] Epoch 1/10: Train=36.1879, Val=0.2721, IoU=0.0000
2026-02-20 14:41:16,786 [INFO]   [lr0.0005_ema0.95_img128_pw3] Epoch 2/10: Train=0.0941, Val=0.2477, IoU=0.0000
2026-02-20 14:41:19,407 [INFO]   [lr0.0005_ema0.95_img128_pw3] Epoch 3/10: Train=0.0864, Val=0.2383, IoU=0.0000
2026-02-20 14:41:22,028 [INFO]   [lr0.0005_ema0.95_img128_pw3] Epoch 4/10: Train=0.0820, Val=0.2263, IoU=0.0000
2026-02-20 14:41:24,637 [INFO]   [lr0.0005_ema0.95_img128_pw3] Epoch 5/10: Train=0.0762, Val=0.2215, IoU=0.0000
2026-02-20 14:41:27,244 [INFO]   [lr0.0005_ema0.95_img128_pw3] Epoch 6/10: Train=0.0711, Val=0.2167, IoU=0.0000
2026-02-20 14:41:29,855 [INFO]   [lr0.0005_ema0.95_img128_pw3] Epoch 7/10: Train=0.0674, Val=0.2135, IoU=0.0000
2026-02-20 14:41:32,453 [INFO]   [lr0.0005_ema0.95_img128_pw3] Epoch 8/10: Train=0.0664, Val=0.2117, IoU=0.0000
2026-02-20 14:41:35,065 [INFO]   [lr0.0005_ema0.95_img128_pw3] Epoch 9/10: Train=0.0603, Val=0.2183, IoU=0.0000
2026-02-20 14:41:37,669 [INFO]   [lr0.0005_ema0.95_img128_pw3] Epoch 10/10: Train=0.0592, Val=0.2165, IoU=0.0000
2026-02-20 14:41:37,927 [INFO]   [lr0.0005_ema0.95_img128_pw3] Best IoU: 0.0000 | Time: 26.9s | Saved: guided_box_ijmond/grid_search/lr0.0005_ema0.95_img128_pw3.pth
2026-02-20 14:41:37,940 [INFO] 
======================================================================
2026-02-20 14:41:37,940 [INFO] [98/108]
2026-02-20 14:41:37,940 [INFO] ======================================================================
2026-02-20 14:41:37,940 [INFO] Starting run: lr0.0005_ema0.95_img128_pw5
2026-02-20 14:41:41,446 [INFO]   [lr0.0005_ema0.95_img128_pw5] Epoch 1/10: Train=33.5839, Val=0.5585, IoU=0.0000
2026-02-20 14:41:44,161 [INFO]   [lr0.0005_ema0.95_img128_pw5] Epoch 2/10: Train=0.1692, Val=0.4120, IoU=0.0050
2026-02-20 14:41:46,963 [INFO]   [lr0.0005_ema0.95_img128_pw5] Epoch 3/10: Train=0.1735, Val=0.4151, IoU=0.0032
2026-02-20 14:41:49,756 [INFO]   [lr0.0005_ema0.95_img128_pw5] Epoch 4/10: Train=0.1630, Val=0.4058, IoU=0.0033
2026-02-20 14:41:52,562 [INFO]   [lr0.0005_ema0.95_img128_pw5] Epoch 5/10: Train=0.1559, Val=0.4103, IoU=0.0069
2026-02-20 14:41:55,363 [INFO]   [lr0.0005_ema0.95_img128_pw5] Epoch 6/10: Train=0.1509, Val=0.3975, IoU=0.0125
2026-02-20 14:41:58,163 [INFO]   [lr0.0005_ema0.95_img128_pw5] Epoch 7/10: Train=0.1457, Val=0.4028, IoU=0.0130
2026-02-20 14:42:00,975 [INFO]   [lr0.0005_ema0.95_img128_pw5] Epoch 8/10: Train=0.1407, Val=0.4324, IoU=0.0133
2026-02-20 14:42:03,771 [INFO]   [lr0.0005_ema0.95_img128_pw5] Epoch 9/10: Train=0.1355, Val=0.4367, IoU=0.0161
2026-02-20 14:42:06,576 [INFO]   [lr0.0005_ema0.95_img128_pw5] Epoch 10/10: Train=0.1341, Val=0.4337, IoU=0.0159
2026-02-20 14:42:06,842 [INFO]   [lr0.0005_ema0.95_img128_pw5] Best IoU: 0.0161 | Time: 28.6s | Saved: guided_box_ijmond/grid_search/lr0.0005_ema0.95_img128_pw5.pth
2026-02-20 14:42:06,855 [INFO] 
======================================================================
2026-02-20 14:42:06,855 [INFO] [99/108]
2026-02-20 14:42:06,855 [INFO] ======================================================================
2026-02-20 14:42:06,856 [INFO] Starting run: lr0.0005_ema0.95_img128_pw7
2026-02-20 14:42:10,381 [INFO]   [lr0.0005_ema0.95_img128_pw7] Epoch 1/10: Train=36.3707, Val=0.5919, IoU=0.0000
2026-02-20 14:42:13,028 [INFO]   [lr0.0005_ema0.95_img128_pw7] Epoch 2/10: Train=0.1997, Val=0.4563, IoU=0.0000
2026-02-20 14:42:15,650 [INFO]   [lr0.0005_ema0.95_img128_pw7] Epoch 3/10: Train=0.1609, Val=0.4177, IoU=0.0000
2026-02-20 14:42:18,264 [INFO]   [lr0.0005_ema0.95_img128_pw7] Epoch 4/10: Train=0.1493, Val=0.4049, IoU=0.0000
2026-02-20 14:42:20,885 [INFO]   [lr0.0005_ema0.95_img128_pw7] Epoch 5/10: Train=0.1464, Val=0.3960, IoU=0.0000
2026-02-20 14:42:23,501 [INFO]   [lr0.0005_ema0.95_img128_pw7] Epoch 6/10: Train=0.1345, Val=0.4014, IoU=0.0000
2026-02-20 14:42:26,108 [INFO]   [lr0.0005_ema0.95_img128_pw7] Epoch 7/10: Train=0.1280, Val=0.3918, IoU=0.0000
2026-02-20 14:42:28,711 [INFO]   [lr0.0005_ema0.95_img128_pw7] Epoch 8/10: Train=0.1311, Val=0.3851, IoU=0.0000
2026-02-20 14:42:31,322 [INFO]   [lr0.0005_ema0.95_img128_pw7] Epoch 9/10: Train=0.1227, Val=0.3898, IoU=0.0000
2026-02-20 14:42:33,948 [INFO]   [lr0.0005_ema0.95_img128_pw7] Epoch 10/10: Train=0.1180, Val=0.3921, IoU=0.0000
2026-02-20 14:42:34,195 [INFO]   [lr0.0005_ema0.95_img128_pw7] Best IoU: 0.0000 | Time: 27.1s | Saved: guided_box_ijmond/grid_search/lr0.0005_ema0.95_img128_pw7.pth
2026-02-20 14:42:34,208 [INFO] 
======================================================================
2026-02-20 14:42:34,208 [INFO] [100/108]
2026-02-20 14:42:34,208 [INFO] ======================================================================
2026-02-20 14:42:34,208 [INFO] Starting run: lr0.0005_ema0.95_img128_pw9
2026-02-20 14:42:37,671 [INFO]   [lr0.0005_ema0.95_img128_pw9] Epoch 1/10: Train=10.9122, Val=0.5536, IoU=0.0000
2026-02-20 14:42:40,302 [INFO]   [lr0.0005_ema0.95_img128_pw9] Epoch 2/10: Train=0.2038, Val=0.4867, IoU=0.0000
2026-02-20 14:42:42,918 [INFO]   [lr0.0005_ema0.95_img128_pw9] Epoch 3/10: Train=0.1719, Val=0.4489, IoU=0.0000
2026-02-20 14:42:45,506 [INFO]   [lr0.0005_ema0.95_img128_pw9] Epoch 4/10: Train=0.1577, Val=0.4208, IoU=0.0000
2026-02-20 14:42:48,158 [INFO]   [lr0.0005_ema0.95_img128_pw9] Epoch 5/10: Train=0.1468, Val=0.4144, IoU=0.0000
2026-02-20 14:42:50,825 [INFO]   [lr0.0005_ema0.95_img128_pw9] Epoch 6/10: Train=0.1556, Val=0.4354, IoU=0.0481
2026-02-20 14:42:53,614 [INFO]   [lr0.0005_ema0.95_img128_pw9] Epoch 7/10: Train=0.1838, Val=0.4808, IoU=0.0516
2026-02-20 14:42:56,410 [INFO]   [lr0.0005_ema0.95_img128_pw9] Epoch 8/10: Train=0.1722, Val=0.4815, IoU=0.0533
2026-02-20 14:42:59,223 [INFO]   [lr0.0005_ema0.95_img128_pw9] Epoch 9/10: Train=0.1645, Val=0.4660, IoU=0.0580
2026-02-20 14:43:02,017 [INFO]   [lr0.0005_ema0.95_img128_pw9] Epoch 10/10: Train=0.1588, Val=0.4590, IoU=0.0630
2026-02-20 14:43:02,267 [INFO]   [lr0.0005_ema0.95_img128_pw9] Best IoU: 0.0630 | Time: 27.8s | Saved: guided_box_ijmond/grid_search/lr0.0005_ema0.95_img128_pw9.pth
2026-02-20 14:43:02,280 [INFO] 
======================================================================
2026-02-20 14:43:02,280 [INFO] [101/108]
2026-02-20 14:43:02,280 [INFO] ======================================================================
2026-02-20 14:43:02,281 [INFO] Starting run: lr0.0005_ema0.95_img256_pw3
2026-02-20 14:43:06,022 [INFO]   [lr0.0005_ema0.95_img256_pw3] Epoch 1/10: Train=69.6368, Val=0.6783, IoU=0.0000
2026-02-20 14:43:08,949 [INFO]   [lr0.0005_ema0.95_img256_pw3] Epoch 2/10: Train=0.2322, Val=0.5310, IoU=0.0000
2026-02-20 14:43:11,878 [INFO]   [lr0.0005_ema0.95_img256_pw3] Epoch 3/10: Train=0.1635, Val=0.3651, IoU=0.0000
2026-02-20 14:43:14,819 [INFO]   [lr0.0005_ema0.95_img256_pw3] Epoch 4/10: Train=0.1171, Val=0.2799, IoU=0.0000
2026-02-20 14:43:17,761 [INFO]   [lr0.0005_ema0.95_img256_pw3] Epoch 5/10: Train=0.0959, Val=0.2444, IoU=0.0000
2026-02-20 14:43:20,710 [INFO]   [lr0.0005_ema0.95_img256_pw3] Epoch 6/10: Train=0.0873, Val=0.2304, IoU=0.0000
2026-02-20 14:43:23,651 [INFO]   [lr0.0005_ema0.95_img256_pw3] Epoch 7/10: Train=0.0840, Val=0.2248, IoU=0.0000
2026-02-20 14:43:26,579 [INFO]   [lr0.0005_ema0.95_img256_pw3] Epoch 8/10: Train=0.0827, Val=0.2224, IoU=0.0000
2026-02-20 14:43:29,514 [INFO]   [lr0.0005_ema0.95_img256_pw3] Epoch 9/10: Train=0.0822, Val=0.2215, IoU=0.0000
2026-02-20 14:43:32,463 [INFO]   [lr0.0005_ema0.95_img256_pw3] Epoch 10/10: Train=0.0820, Val=0.2212, IoU=0.0000
2026-02-20 14:43:32,736 [INFO]   [lr0.0005_ema0.95_img256_pw3] Best IoU: 0.0000 | Time: 30.2s | Saved: guided_box_ijmond/grid_search/lr0.0005_ema0.95_img256_pw3.pth
2026-02-20 14:43:32,749 [INFO] 
======================================================================
2026-02-20 14:43:32,749 [INFO] [102/108]
2026-02-20 14:43:32,750 [INFO] ======================================================================
2026-02-20 14:43:32,750 [INFO] Starting run: lr0.0005_ema0.95_img256_pw5
2026-02-20 14:43:36,540 [INFO]   [lr0.0005_ema0.95_img256_pw5] Epoch 1/10: Train=45.4201, Val=0.5173, IoU=0.0000
2026-02-20 14:43:39,486 [INFO]   [lr0.0005_ema0.95_img256_pw5] Epoch 2/10: Train=0.1441, Val=0.3717, IoU=0.0000
2026-02-20 14:43:42,462 [INFO]   [lr0.0005_ema0.95_img256_pw5] Epoch 3/10: Train=0.1302, Val=0.3542, IoU=0.0000
2026-02-20 14:43:45,419 [INFO]   [lr0.0005_ema0.95_img256_pw5] Epoch 4/10: Train=0.1242, Val=0.3339, IoU=0.0000
2026-02-20 14:43:48,387 [INFO]   [lr0.0005_ema0.95_img256_pw5] Epoch 5/10: Train=0.1176, Val=0.3206, IoU=0.0000
2026-02-20 14:43:51,340 [INFO]   [lr0.0005_ema0.95_img256_pw5] Epoch 6/10: Train=0.1131, Val=0.3093, IoU=0.0000
2026-02-20 14:43:54,312 [INFO]   [lr0.0005_ema0.95_img256_pw5] Epoch 7/10: Train=0.1082, Val=0.2979, IoU=0.0000
2026-02-20 14:43:57,272 [INFO]   [lr0.0005_ema0.95_img256_pw5] Epoch 8/10: Train=0.1054, Val=0.2950, IoU=0.0000
2026-02-20 14:44:00,246 [INFO]   [lr0.0005_ema0.95_img256_pw5] Epoch 9/10: Train=0.0998, Val=0.2855, IoU=0.0000
2026-02-20 14:44:03,213 [INFO]   [lr0.0005_ema0.95_img256_pw5] Epoch 10/10: Train=0.0943, Val=0.2789, IoU=0.0000
2026-02-20 14:44:03,488 [INFO]   [lr0.0005_ema0.95_img256_pw5] Best IoU: 0.0000 | Time: 30.5s | Saved: guided_box_ijmond/grid_search/lr0.0005_ema0.95_img256_pw5.pth
2026-02-20 14:44:03,502 [INFO] 
======================================================================
2026-02-20 14:44:03,502 [INFO] [103/108]
2026-02-20 14:44:03,502 [INFO] ======================================================================
2026-02-20 14:44:03,502 [INFO] Starting run: lr0.0005_ema0.95_img256_pw7
2026-02-20 14:44:07,250 [INFO]   [lr0.0005_ema0.95_img256_pw7] Epoch 1/10: Train=72.2125, Val=0.7705, IoU=0.0000
2026-02-20 14:44:10,187 [INFO]   [lr0.0005_ema0.95_img256_pw7] Epoch 2/10: Train=0.2821, Val=0.7656, IoU=0.0000
2026-02-20 14:44:13,127 [INFO]   [lr0.0005_ema0.95_img256_pw7] Epoch 3/10: Train=0.2804, Val=0.7501, IoU=0.0000
2026-02-20 14:44:16,067 [INFO]   [lr0.0005_ema0.95_img256_pw7] Epoch 4/10: Train=0.2768, Val=0.7258, IoU=0.0000
2026-02-20 14:44:19,003 [INFO]   [lr0.0005_ema0.95_img256_pw7] Epoch 5/10: Train=0.2722, Val=0.6985, IoU=0.0000
2026-02-20 14:44:21,949 [INFO]   [lr0.0005_ema0.95_img256_pw7] Epoch 6/10: Train=0.2512, Val=0.6460, IoU=0.0000
2026-02-20 14:44:24,898 [INFO]   [lr0.0005_ema0.95_img256_pw7] Epoch 7/10: Train=0.2294, Val=0.5963, IoU=0.0000
2026-02-20 14:44:27,872 [INFO]   [lr0.0005_ema0.95_img256_pw7] Epoch 8/10: Train=0.2125, Val=0.5550, IoU=0.0000
2026-02-20 14:44:30,822 [INFO]   [lr0.0005_ema0.95_img256_pw7] Epoch 9/10: Train=0.1988, Val=0.5221, IoU=0.0000
2026-02-20 14:44:33,763 [INFO]   [lr0.0005_ema0.95_img256_pw7] Epoch 10/10: Train=0.1879, Val=0.4968, IoU=0.0000
2026-02-20 14:44:34,030 [INFO]   [lr0.0005_ema0.95_img256_pw7] Best IoU: 0.0000 | Time: 30.3s | Saved: guided_box_ijmond/grid_search/lr0.0005_ema0.95_img256_pw7.pth
2026-02-20 14:44:34,043 [INFO] 
======================================================================
2026-02-20 14:44:34,044 [INFO] [104/108]
2026-02-20 14:44:34,044 [INFO] ======================================================================
2026-02-20 14:44:34,044 [INFO] Starting run: lr0.0005_ema0.95_img256_pw9
2026-02-20 14:44:37,946 [INFO]   [lr0.0005_ema0.95_img256_pw9] Epoch 1/10: Train=70.7545, Val=0.7301, IoU=0.0000
2026-02-20 14:44:41,001 [INFO]   [lr0.0005_ema0.95_img256_pw9] Epoch 2/10: Train=0.2319, Val=0.7774, IoU=0.0071
2026-02-20 14:44:44,111 [INFO]   [lr0.0005_ema0.95_img256_pw9] Epoch 3/10: Train=0.2939, Val=0.6111, IoU=0.0000
2026-02-20 14:44:47,080 [INFO]   [lr0.0005_ema0.95_img256_pw9] Epoch 4/10: Train=0.1973, Val=0.4821, IoU=0.0000
2026-02-20 14:44:50,042 [INFO]   [lr0.0005_ema0.95_img256_pw9] Epoch 5/10: Train=0.1773, Val=0.4581, IoU=0.0000
2026-02-20 14:44:52,998 [INFO]   [lr0.0005_ema0.95_img256_pw9] Epoch 6/10: Train=0.1705, Val=0.4422, IoU=0.0000
2026-02-20 14:44:55,967 [INFO]   [lr0.0005_ema0.95_img256_pw9] Epoch 7/10: Train=0.1620, Val=0.4365, IoU=0.0000
2026-02-20 14:44:58,909 [INFO]   [lr0.0005_ema0.95_img256_pw9] Epoch 8/10: Train=0.1545, Val=0.4332, IoU=0.0000
2026-02-20 14:45:01,863 [INFO]   [lr0.0005_ema0.95_img256_pw9] Epoch 9/10: Train=0.1477, Val=0.4218, IoU=0.0000
2026-02-20 14:45:04,821 [INFO]   [lr0.0005_ema0.95_img256_pw9] Epoch 10/10: Train=0.1382, Val=0.4168, IoU=0.0000
2026-02-20 14:45:05,092 [INFO]   [lr0.0005_ema0.95_img256_pw9] Best IoU: 0.0071 | Time: 30.8s | Saved: guided_box_ijmond/grid_search/lr0.0005_ema0.95_img256_pw9.pth
2026-02-20 14:45:05,105 [INFO] 
======================================================================
2026-02-20 14:45:05,105 [INFO] [105/108]
2026-02-20 14:45:05,105 [INFO] ======================================================================
2026-02-20 14:45:05,105 [INFO] Starting run: lr0.0005_ema0.95_img512_pw3
2026-02-20 14:45:11,844 [INFO]   [lr0.0005_ema0.95_img512_pw3] Epoch 1/10: Train=41.2897, Val=0.6851, IoU=0.0000
2026-02-20 14:45:17,869 [INFO]   [lr0.0005_ema0.95_img512_pw3] Epoch 2/10: Train=0.1368, Val=0.6923, IoU=0.0074
2026-02-20 14:45:23,874 [INFO]   [lr0.0005_ema0.95_img512_pw3] Epoch 3/10: Train=0.1943, Val=0.2850, IoU=0.0000
2026-02-20 14:45:29,708 [INFO]   [lr0.0005_ema0.95_img512_pw3] Epoch 4/10: Train=0.1078, Val=0.2299, IoU=0.0000
2026-02-20 14:45:35,556 [INFO]   [lr0.0005_ema0.95_img512_pw3] Epoch 5/10: Train=0.0846, Val=0.2272, IoU=0.0000
2026-02-20 14:45:41,389 [INFO]   [lr0.0005_ema0.95_img512_pw3] Epoch 6/10: Train=0.0829, Val=0.2240, IoU=0.0000
2026-02-20 14:45:47,221 [INFO]   [lr0.0005_ema0.95_img512_pw3] Epoch 7/10: Train=0.0821, Val=0.2221, IoU=0.0000
2026-02-20 14:45:53,042 [INFO]   [lr0.0005_ema0.95_img512_pw3] Epoch 8/10: Train=0.0814, Val=0.2193, IoU=0.0000
2026-02-20 14:45:58,868 [INFO]   [lr0.0005_ema0.95_img512_pw3] Epoch 9/10: Train=0.0805, Val=0.2172, IoU=0.0000
2026-02-20 14:46:04,739 [INFO]   [lr0.0005_ema0.95_img512_pw3] Epoch 10/10: Train=0.0800, Val=0.2157, IoU=0.0000
2026-02-20 14:46:05,007 [INFO]   [lr0.0005_ema0.95_img512_pw3] Best IoU: 0.0074 | Time: 59.6s | Saved: guided_box_ijmond/grid_search/lr0.0005_ema0.95_img512_pw3.pth
2026-02-20 14:46:05,021 [INFO] 
======================================================================
2026-02-20 14:46:05,021 [INFO] [106/108]
2026-02-20 14:46:05,021 [INFO] ======================================================================
2026-02-20 14:46:05,021 [INFO] Starting run: lr0.0005_ema0.95_img512_pw5
2026-02-20 14:46:11,652 [INFO]   [lr0.0005_ema0.95_img512_pw5] Epoch 1/10: Train=104.3536, Val=0.7170, IoU=0.0000
2026-02-20 14:46:17,478 [INFO]   [lr0.0005_ema0.95_img512_pw5] Epoch 2/10: Train=0.2632, Val=0.6625, IoU=0.0000
2026-02-20 14:46:23,312 [INFO]   [lr0.0005_ema0.95_img512_pw5] Epoch 3/10: Train=0.2195, Val=0.5238, IoU=0.0000
2026-02-20 14:46:29,144 [INFO]   [lr0.0005_ema0.95_img512_pw5] Epoch 4/10: Train=0.1712, Val=0.4138, IoU=0.0000
2026-02-20 14:46:34,989 [INFO]   [lr0.0005_ema0.95_img512_pw5] Epoch 5/10: Train=0.1411, Val=0.3590, IoU=0.0000
2026-02-20 14:46:40,818 [INFO]   [lr0.0005_ema0.95_img512_pw5] Epoch 6/10: Train=0.1275, Val=0.3361, IoU=0.0000
2026-02-20 14:46:46,670 [INFO]   [lr0.0005_ema0.95_img512_pw5] Epoch 7/10: Train=0.1222, Val=0.3270, IoU=0.0000
2026-02-20 14:46:52,491 [INFO]   [lr0.0005_ema0.95_img512_pw5] Epoch 8/10: Train=0.1202, Val=0.3237, IoU=0.0000
2026-02-20 14:46:58,327 [INFO]   [lr0.0005_ema0.95_img512_pw5] Epoch 9/10: Train=0.1193, Val=0.3223, IoU=0.0000
2026-02-20 14:47:04,138 [INFO]   [lr0.0005_ema0.95_img512_pw5] Epoch 10/10: Train=0.1191, Val=0.3218, IoU=0.0000
2026-02-20 14:47:04,408 [INFO]   [lr0.0005_ema0.95_img512_pw5] Best IoU: 0.0000 | Time: 59.1s | Saved: guided_box_ijmond/grid_search/lr0.0005_ema0.95_img512_pw5.pth
2026-02-20 14:47:04,422 [INFO] 
======================================================================
2026-02-20 14:47:04,422 [INFO] [107/108]
2026-02-20 14:47:04,422 [INFO] ======================================================================
2026-02-20 14:47:04,422 [INFO] Starting run: lr0.0005_ema0.95_img512_pw7
2026-02-20 14:47:11,234 [INFO]   [lr0.0005_ema0.95_img512_pw7] Epoch 1/10: Train=97.6301, Val=0.7145, IoU=0.0000
2026-02-20 14:47:17,198 [INFO]   [lr0.0005_ema0.95_img512_pw7] Epoch 2/10: Train=0.2224, Val=0.4239, IoU=0.0000
2026-02-20 14:47:23,121 [INFO]   [lr0.0005_ema0.95_img512_pw7] Epoch 3/10: Train=0.1787, Val=0.4202, IoU=0.0000
2026-02-20 14:47:29,017 [INFO]   [lr0.0005_ema0.95_img512_pw7] Epoch 4/10: Train=0.1731, Val=0.4175, IoU=0.0000
2026-02-20 14:47:34,909 [INFO]   [lr0.0005_ema0.95_img512_pw7] Epoch 5/10: Train=0.1787, Val=0.4148, IoU=0.0000
2026-02-20 14:47:40,826 [INFO]   [lr0.0005_ema0.95_img512_pw7] Epoch 6/10: Train=0.1770, Val=0.4138, IoU=0.0000
2026-02-20 14:47:46,792 [INFO]   [lr0.0005_ema0.95_img512_pw7] Epoch 7/10: Train=0.1787, Val=0.4156, IoU=0.0003
2026-02-20 14:47:52,768 [INFO]   [lr0.0005_ema0.95_img512_pw7] Epoch 8/10: Train=0.1858, Val=0.4205, IoU=0.0029
2026-02-20 14:47:58,781 [INFO]   [lr0.0005_ema0.95_img512_pw7] Epoch 9/10: Train=0.1955, Val=0.4275, IoU=0.0067
2026-02-20 14:48:04,854 [INFO]   [lr0.0005_ema0.95_img512_pw7] Epoch 10/10: Train=0.2007, Val=0.4456, IoU=0.0080
2026-02-20 14:48:05,123 [INFO]   [lr0.0005_ema0.95_img512_pw7] Best IoU: 0.0080 | Time: 60.4s | Saved: guided_box_ijmond/grid_search/lr0.0005_ema0.95_img512_pw7.pth
2026-02-20 14:48:05,137 [INFO] 
======================================================================
2026-02-20 14:48:05,137 [INFO] [108/108]
2026-02-20 14:48:05,137 [INFO] ======================================================================
2026-02-20 14:48:05,137 [INFO] Starting run: lr0.0005_ema0.95_img512_pw9
2026-02-20 14:48:11,785 [INFO]   [lr0.0005_ema0.95_img512_pw9] Epoch 1/10: Train=121.4424, Val=0.8037, IoU=0.0190
2026-02-20 14:48:17,610 [INFO]   [lr0.0005_ema0.95_img512_pw9] Epoch 2/10: Train=0.2792, Val=0.7960, IoU=0.0000
2026-02-20 14:48:23,407 [INFO]   [lr0.0005_ema0.95_img512_pw9] Epoch 3/10: Train=0.2906, Val=0.7784, IoU=0.0000
2026-02-20 14:48:29,200 [INFO]   [lr0.0005_ema0.95_img512_pw9] Epoch 4/10: Train=0.2868, Val=0.7539, IoU=0.0000
2026-02-20 14:48:35,024 [INFO]   [lr0.0005_ema0.95_img512_pw9] Epoch 5/10: Train=0.2824, Val=0.7253, IoU=0.0000
2026-02-20 14:48:40,820 [INFO]   [lr0.0005_ema0.95_img512_pw9] Epoch 6/10: Train=0.2587, Val=0.6762, IoU=0.0000
2026-02-20 14:48:46,657 [INFO]   [lr0.0005_ema0.95_img512_pw9] Epoch 7/10: Train=0.2394, Val=0.6295, IoU=0.0000
2026-02-20 14:48:52,494 [INFO]   [lr0.0005_ema0.95_img512_pw9] Epoch 8/10: Train=0.2240, Val=0.5921, IoU=0.0000
2026-02-20 14:48:58,329 [INFO]   [lr0.0005_ema0.95_img512_pw9] Epoch 9/10: Train=0.2117, Val=0.5617, IoU=0.0000
2026-02-20 14:49:04,192 [INFO]   [lr0.0005_ema0.95_img512_pw9] Epoch 10/10: Train=0.2022, Val=0.5389, IoU=0.0000
2026-02-20 14:49:04,468 [INFO]   [lr0.0005_ema0.95_img512_pw9] Best IoU: 0.0190 | Time: 59.1s | Saved: guided_box_ijmond/grid_search/lr0.0005_ema0.95_img512_pw9.pth
2026-02-20 14:49:04,481 [INFO] 
======================================================================
2026-02-20 14:49:04,481 [INFO] Grid search complete! 108 models trained.
2026-02-20 14:49:04,481 [INFO] Total time: 4311.9s (71.9 min)
2026-02-20 14:49:04,481 [INFO] ======================================================================
2026-02-20 14:49:04,481 [INFO] 
Ranked Results (by Best IoU):
2026-02-20 14:49:04,481 [INFO] Rank  Run                                                     Best IoU   Final IoU  Time(s) 
2026-02-20 14:49:04,481 [INFO] ------------------------------------------------------------------------------------------
2026-02-20 14:49:04,481 [INFO] 1     lr0.0001_ema0.9_img512_pw3                              0.1616     0.0898     60.9    
2026-02-20 14:49:04,482 [INFO] 2     lr0.0001_ema0.95_img512_pw3                             0.1600     0.0868     60.8    
2026-02-20 14:49:04,482 [INFO] 3     lr0.0002_ema0.85_img512_pw3                             0.1573     0.1099     60.6    
2026-02-20 14:49:04,482 [INFO] 4     lr0.0001_ema0.95_img512_pw9                             0.1497     0.1149     61.3    
2026-02-20 14:49:04,482 [INFO] 5     lr0.0001_ema0.9_img512_pw5                              0.1435     0.0877     61.1    
2026-02-20 14:49:04,482 [INFO] 6     lr0.0002_ema0.85_img512_pw5                             0.1433     0.0903     60.7    
2026-02-20 14:49:04,482 [INFO] 7     lr0.0001_ema0.85_img512_pw7                             0.1406     0.1097     61.2    
2026-02-20 14:49:04,483 [INFO] 8     lr0.0005_ema0.9_img512_pw5                              0.1345     0.1345     60.2    
2026-02-20 14:49:04,483 [INFO] 9     lr0.0001_ema0.9_img256_pw3                              0.1274     0.0873     31.2    
2026-02-20 14:49:04,483 [INFO] 10    lr0.0002_ema0.9_img512_pw3                              0.1259     0.0999     60.3    
2026-02-20 14:49:04,483 [INFO] 11    lr0.0001_ema0.85_img256_pw9                             0.1225     0.0921     31.3    
2026-02-20 14:49:04,483 [INFO] 12    lr0.0001_ema0.95_img256_pw5                             0.1223     0.0885     30.7    
2026-02-20 14:49:04,483 [INFO] 13    lr0.0001_ema0.95_img128_pw7                             0.1217     0.0709     27.8    
2026-02-20 14:49:04,483 [INFO] 14    lr0.0002_ema0.95_img256_pw3                             0.1192     0.0857     30.8    
2026-02-20 14:49:04,483 [INFO] 15    lr0.0002_ema0.9_img256_pw3                              0.1176     0.0885     31.0    
2026-02-20 14:49:04,483 [INFO] 16    lr0.0001_ema0.85_img256_pw3                             0.1174     0.0880     30.8    
2026-02-20 14:49:04,483 [INFO] 17    lr0.0002_ema0.95_img512_pw9                             0.1157     0.1030     60.7    
2026-02-20 14:49:04,483 [INFO] 18    lr0.0001_ema0.9_img256_pw9                              0.1154     0.1034     31.5    
2026-02-20 14:49:04,483 [INFO] 19    lr0.0002_ema0.9_img512_pw9                              0.1149     0.0941     60.3    
2026-02-20 14:49:04,483 [INFO] 20    lr0.0001_ema0.9_img256_pw5                              0.1132     0.0933     31.2    
2026-02-20 14:49:04,483 [INFO] 21    lr0.0005_ema0.85_img512_pw5                             0.1129     0.0859     60.5    
2026-02-20 14:49:04,483 [INFO] 22    lr0.0002_ema0.9_img256_pw5                              0.1125     0.1002     31.3    
2026-02-20 14:49:04,484 [INFO] 23    lr0.0001_ema0.95_img128_pw9                             0.1082     0.0834     27.4    
2026-02-20 14:49:04,484 [INFO] 24    lr0.0001_ema0.85_img512_pw5                             0.1080     0.0606     60.9    
2026-02-20 14:49:04,484 [INFO] 25    lr0.0001_ema0.85_img512_pw3                             0.1070     0.0943     60.7    
2026-02-20 14:49:04,484 [INFO] 26    lr0.0002_ema0.95_img256_pw7                             0.1065     0.0921     31.5    
2026-02-20 14:49:04,484 [INFO] 27    lr0.0001_ema0.95_img256_pw9                             0.1062     0.1062     31.4    
2026-02-20 14:49:04,484 [INFO] 28    lr0.0002_ema0.85_img128_pw3                             0.1060     0.0763     27.1    
2026-02-20 14:49:04,484 [INFO] 29    lr0.0001_ema0.95_img512_pw7                             0.1044     0.0940     61.3    
2026-02-20 14:49:04,484 [INFO] 30    lr0.0001_ema0.95_img256_pw7                             0.1042     0.0947     31.2    
2026-02-20 14:49:04,484 [INFO] 31    lr0.0002_ema0.85_img256_pw5                             0.1038     0.0904     31.3    
2026-02-20 14:49:04,484 [INFO] 32    lr0.0002_ema0.95_img512_pw5                             0.1032     0.0676     60.9    
2026-02-20 14:49:04,484 [INFO] 33    lr0.0002_ema0.9_img512_pw7                              0.1025     0.0942     60.9    
2026-02-20 14:49:04,484 [INFO] 34    lr0.0001_ema0.95_img128_pw3                             0.1020     0.0660     26.9    
2026-02-20 14:49:04,484 [INFO] 35    lr0.0002_ema0.9_img512_pw5                              0.1018     0.1018     60.5    
2026-02-20 14:49:04,484 [INFO] 36    lr0.0001_ema0.9_img256_pw7                              0.1017     0.0825     31.5    
2026-02-20 14:49:04,484 [INFO] 37    lr0.0001_ema0.9_img128_pw5                              0.1008     0.0766     27.0    
2026-02-20 14:49:04,485 [INFO] 38    lr0.0002_ema0.95_img512_pw7                             0.0997     0.0997     60.8    
2026-02-20 14:49:04,485 [INFO] 39    lr0.0002_ema0.85_img512_pw9                             0.0997     0.0789     61.0    
2026-02-20 14:49:04,485 [INFO] 40    lr0.0001_ema0.95_img512_pw5                             0.0995     0.0804     61.1    
2026-02-20 14:49:04,485 [INFO] 41    lr0.0001_ema0.85_img256_pw5                             0.0995     0.0939     30.7    
2026-02-20 14:49:04,485 [INFO] 42    lr0.0002_ema0.85_img256_pw9                             0.0989     0.0989     31.4    
2026-02-20 14:49:04,485 [INFO] 43    lr0.0002_ema0.95_img128_pw3                             0.0985     0.0619     27.0    
2026-02-20 14:49:04,485 [INFO] 44    lr0.0002_ema0.95_img512_pw3                             0.0972     0.0880     60.4    
2026-02-20 14:49:04,485 [INFO] 45    lr0.0001_ema0.95_img128_pw5                             0.0969     0.0721     27.1    
2026-02-20 14:49:04,485 [INFO] 46    lr0.0001_ema0.9_img512_pw9                              0.0936     0.0805     61.8    
2026-02-20 14:49:04,485 [INFO] 47    lr0.0002_ema0.9_img256_pw7                              0.0927     0.0881     31.4    
2026-02-20 14:49:04,485 [INFO] 48    lr0.0002_ema0.95_img128_pw7                             0.0927     0.0718     27.2    
2026-02-20 14:49:04,485 [INFO] 49    lr0.0002_ema0.85_img512_pw7                             0.0922     0.0000     60.5    
2026-02-20 14:49:04,486 [INFO] 50    lr0.0002_ema0.95_img128_pw5                             0.0915     0.0773     27.0    
2026-02-20 14:49:04,486 [INFO] 51    lr0.0001_ema0.9_img512_pw7                              0.0904     0.0798     61.7    
2026-02-20 14:49:04,486 [INFO] 52    lr0.0001_ema0.95_img256_pw3                             0.0903     0.0867     30.9    
2026-02-20 14:49:04,486 [INFO] 53    lr0.0001_ema0.85_img128_pw5                             0.0892     0.0731     26.9    
2026-02-20 14:49:04,486 [INFO] 54    lr0.0002_ema0.9_img128_pw3                              0.0886     0.0886     26.7    
2026-02-20 14:49:04,486 [INFO] 55    lr0.0002_ema0.95_img256_pw9                             0.0873     0.0817     31.5    
2026-02-20 14:49:04,486 [INFO] 56    lr0.0001_ema0.85_img128_pw3                             0.0872     0.0753     29.7    
2026-02-20 14:49:04,486 [INFO] 57    lr0.0002_ema0.85_img256_pw7                             0.0866     0.0866     31.2    
2026-02-20 14:49:04,486 [INFO] 58    lr0.0001_ema0.85_img128_pw9                             0.0864     0.0770     27.2    
2026-02-20 14:49:04,486 [INFO] 59    lr0.0001_ema0.85_img128_pw7                             0.0854     0.0823     26.8    
2026-02-20 14:49:04,486 [INFO] 60    lr0.0002_ema0.9_img128_pw9                              0.0834     0.0716     27.6    
2026-02-20 14:49:04,486 [INFO] 61    lr0.0002_ema0.85_img256_pw3                             0.0833     0.0647     31.0    
2026-02-20 14:49:04,486 [INFO] 62    lr0.0001_ema0.85_img512_pw9                             0.0832     0.0662     61.6    
2026-02-20 14:49:04,486 [INFO] 63    lr0.0001_ema0.9_img128_pw7                              0.0824     0.0694     27.3    
2026-02-20 14:49:04,486 [INFO] 64    lr0.0002_ema0.9_img256_pw9                              0.0823     0.0798     31.3    
2026-02-20 14:49:04,486 [INFO] 65    lr0.0002_ema0.9_img128_pw7                              0.0813     0.0686     27.9    
2026-02-20 14:49:04,486 [INFO] 66    lr0.0002_ema0.95_img128_pw9                             0.0809     0.0742     27.4    
2026-02-20 14:49:04,486 [INFO] 67    lr0.0005_ema0.85_img128_pw3                             0.0802     0.0802     26.8    
2026-02-20 14:49:04,486 [INFO] 68    lr0.0002_ema0.9_img128_pw5                              0.0780     0.0739     27.1    
2026-02-20 14:49:04,486 [INFO] 69    lr0.0002_ema0.85_img128_pw9                             0.0771     0.0771     27.4    
2026-02-20 14:49:04,486 [INFO] 70    lr0.0005_ema0.85_img256_pw7                             0.0760     0.0760     30.8    
2026-02-20 14:49:04,487 [INFO] 71    lr0.0001_ema0.9_img128_pw9                              0.0748     0.0649     27.1    
2026-02-20 14:49:04,487 [INFO] 72    lr0.0002_ema0.85_img128_pw5                             0.0731     0.0730     27.4    
2026-02-20 14:49:04,487 [INFO] 73    lr0.0001_ema0.9_img128_pw3                              0.0718     0.0715     27.1    
2026-02-20 14:49:04,488 [INFO] 74    lr0.0001_ema0.85_img256_pw7                             0.0695     0.0607     31.7    
2026-02-20 14:49:04,488 [INFO] 75    lr0.0002_ema0.85_img128_pw7                             0.0685     0.0599     27.4    
2026-02-20 14:49:04,488 [INFO] 76    lr0.0005_ema0.85_img128_pw7                             0.0638     0.0582     28.0    
2026-02-20 14:49:04,488 [INFO] 77    lr0.0005_ema0.85_img128_pw5                             0.0637     0.0628     27.3    
2026-02-20 14:49:04,488 [INFO] 78    lr0.0005_ema0.95_img128_pw9                             0.0630     0.0630     27.8    
2026-02-20 14:49:04,488 [INFO] 79    lr0.0005_ema0.9_img128_pw9                              0.0501     0.0469     27.7    
2026-02-20 14:49:04,488 [INFO] 80    lr0.0002_ema0.95_img256_pw5                             0.0460     0.0460     30.8    
2026-02-20 14:49:04,488 [INFO] 81    lr0.0005_ema0.9_img128_pw5                              0.0372     0.0372     27.1    
2026-02-20 14:49:04,488 [INFO] 82    lr0.0005_ema0.85_img256_pw5                             0.0266     0.0000     30.9    
2026-02-20 14:49:04,488 [INFO] 83    lr0.0005_ema0.9_img256_pw3                              0.0264     0.0264     31.7    
2026-02-20 14:49:04,488 [INFO] 84    lr0.0005_ema0.85_img256_pw9                             0.0264     0.0215     32.5    
2026-02-20 14:49:04,488 [INFO] 85    lr0.0005_ema0.9_img512_pw7                              0.0190     0.0000     59.8    
2026-02-20 14:49:04,488 [INFO] 86    lr0.0005_ema0.95_img512_pw9                             0.0190     0.0000     59.1    
2026-02-20 14:49:04,488 [INFO] 87    lr0.0005_ema0.95_img128_pw5                             0.0161     0.0159     28.6    
2026-02-20 14:49:04,488 [INFO] 88    lr0.0005_ema0.9_img256_pw9                              0.0160     0.0160     30.9    
2026-02-20 14:49:04,488 [INFO] 89    lr0.0005_ema0.95_img512_pw7                             0.0080     0.0080     60.4    
2026-02-20 14:49:04,488 [INFO] 90    lr0.0005_ema0.95_img512_pw3                             0.0074     0.0000     59.6    
2026-02-20 14:49:04,488 [INFO] 91    lr0.0005_ema0.95_img256_pw9                             0.0071     0.0000     30.8    
2026-02-20 14:49:04,488 [INFO] 92    lr0.0005_ema0.85_img256_pw3                             0.0001     0.0000     30.7    
2026-02-20 14:49:04,488 [INFO] 93    lr0.0005_ema0.85_img128_pw9                             0.0000     0.0000     27.6    
2026-02-20 14:49:04,488 [INFO] 94    lr0.0005_ema0.85_img512_pw3                             0.0000     0.0000     59.5    
2026-02-20 14:49:04,488 [INFO] 95    lr0.0005_ema0.85_img512_pw7                             0.0000     0.0000     59.6    
2026-02-20 14:49:04,488 [INFO] 96    lr0.0005_ema0.85_img512_pw9                             0.0000     0.0000     60.1    
2026-02-20 14:49:04,488 [INFO] 97    lr0.0005_ema0.9_img128_pw3                              0.0000     0.0000     26.9    
2026-02-20 14:49:04,489 [INFO] 98    lr0.0005_ema0.9_img128_pw7                              0.0000     0.0000     26.9    
2026-02-20 14:49:04,489 [INFO] 99    lr0.0005_ema0.9_img256_pw5                              0.0000     0.0000     30.8    
2026-02-20 14:49:04,489 [INFO] 100   lr0.0005_ema0.9_img256_pw7                              0.0000     0.0000     30.7    
2026-02-20 14:49:04,489 [INFO] 101   lr0.0005_ema0.9_img512_pw3                              0.0000     0.0000     59.7    
2026-02-20 14:49:04,489 [INFO] 102   lr0.0005_ema0.9_img512_pw9                              0.0000     0.0000     59.8    
2026-02-20 14:49:04,489 [INFO] 103   lr0.0005_ema0.95_img128_pw3                             0.0000     0.0000     26.9    
2026-02-20 14:49:04,489 [INFO] 104   lr0.0005_ema0.95_img128_pw7                             0.0000     0.0000     27.1    
2026-02-20 14:49:04,489 [INFO] 105   lr0.0005_ema0.95_img256_pw3                             0.0000     0.0000     30.2    
2026-02-20 14:49:04,489 [INFO] 106   lr0.0005_ema0.95_img256_pw5                             0.0000     0.0000     30.5    
2026-02-20 14:49:04,490 [INFO] 107   lr0.0005_ema0.95_img256_pw7                             0.0000     0.0000     30.3    
2026-02-20 14:49:04,490 [INFO] 108   lr0.0005_ema0.95_img512_pw5                             0.0000     0.0000     59.1    
2026-02-20 14:49:04,490 [INFO] 
🏆 BEST MODEL: lr0.0001_ema0.9_img512_pw3
2026-02-20 14:49:04,490 [INFO]    Best IoU: 0.1616
2026-02-20 14:49:04,490 [INFO]    LR=0.0001, EMA=0.9, Img=512, PW=3
2026-02-20 14:49:04,490 [INFO]    Saved at: guided_box_ijmond/grid_search/lr0.0001_ema0.9_img512_pw3.pth
2026-02-20 14:49:09,211 [INFO] Comparison plot saved to: guided_box_ijmond/grid_search/grid_search_comparison.png
2026-02-20 14:49:09,657 [INFO] Best model plot saved to: guided_box_ijmond/grid_search/best_model_curves.png
2026-02-20 14:49:09,657 [INFO] 
All results saved to: guided_box_ijmond/grid_search
2026-02-20 14:49:09,657 [INFO] Done!
